geom_key,d_max_mm,cure_days,rh_pct,design_id,n_rules_param,n_fail_param,n_warn_param,feasible_param,failed_rules_param,warned_rules_param,cure_label,split_mould,face_shell,web,n_cores,fillet_r,core_taper,mesh_watertight,mesh_euler,volume_mm3,volume_voxel_mm3,area_mm2,exposed_area_mm2,sa_to_vol_per_mm,max_wall_thickness_mm,mean_wall_thickness_mm,depth_mean_mm,depth_p95_mm,depth_max_mm,cavity_volume_mm3,voxel_pitch_mm,kt_family,notch_depth_mm,notch_root_radius_mm,meshed,mesh_error,min_section_p5_mm,min_section_min_mm,median_section_mm,n_ridge_voxels,kt,min_feature_nominal_mm,min_feature_measured_mm,section_over_dmax,score,score_lo,score_hi,score_mean,sub_aeration,sub_drying,sub_castability,sub_structural,dominant_failure_mode,failure_mode_text,penetration_depth_nom_mm,L_gas_nom_mm,L_dry_nom_mm,penetration_limiter,drying_ratio,cemented_fraction,min_feature_mm,n_mc,feasible,n_rules,n_fail,n_warn,failed_rules,warned_rules,a,b,c,n,ovoid,wall,aperture_r,t,groove_depth,groove_width,groove_pitch,joint,pattern,typology,evaluated_stage,material_volume_cm3,pareto_objectives,front_size,n_feasible_in_typology
block_181,2.0,21.0,85.0,3935,10,0,0,True,,,21d/85%RH,False,33.9,29.2,2.0,7.9,3.7,True,-2.0,5887617.2746826215,5878546.875,481425.66051396786,518075.0,0.0881297727170033,42.42640687119285,15.778108151920538,7.889054075960269,15.0,21.213203435596427,0.0,2.5,peterson_shoulder,1.2325975000000002,7.9,True,,20.0,10.0,30.0,31342.0,1.79,29.2,20.0,10.0,0.9975273768433653,0.1822492566410275,0.9975273768433653,0.8576194693490511,0.9975273768433653,1.0,1.0,1.0,aeration,incomplete mineralisation (anoxic core) — the paper's Fig. 5 mode,23.625,98.5484712562236,23.625,drainage,0.8979133729352985,1.0,20.0,250.0,True,15.0,0.0,0.0,,,,,,,,,,,,,,,,block,geometry+score,5887.617274682621,max(score);min(volume_mm3),1,751
shell_019,2.0,14.0,90.0,171,7,0,0,True,,,14d/90%RH,True,,,,11.9,,True,0.0,2496104.4154232494,2491920.0,318946.279272869,435100.0,0.17460432116600855,18.33030277982336,9.534146908617823,4.767073454308911,8.246211251235321,9.16515138991168,3743160.0,2.0,peterson_shoulder,1.8566975000000003,11.9,True,,16.0,14.422205101855956,16.0,30916.0,1.79,16.9,16.0,8.0,0.9975273768433653,3.3682665237181876e-06,0.9975273768433653,0.757806631743658,0.9975273768433653,1.0,1.0,1.0,aeration,incomplete mineralisation (anoxic core) — the paper's Fig. 5 mode,10.499999999999998,98.5484712562236,10.499999999999998,drainage,0.8728715609439697,1.0,16.0,250.0,True,12.0,0.0,0.0,,,88.3,86.2,139.9,4.0,0.1,16.9,8.7,,,,,,,shell,geometry+score,2496.1044154232495,max(score);min(volume_mm3);max(cavity_volume_mm3),105,1312
shell_019,2.0,28.0,90.0,172,7,0,0,True,,,28d/90%RH,True,,,,11.9,,True,0.0,2496104.4154232494,2491920.0,318946.279272869,435100.0,0.17460432116600855,18.33030277982336,9.534146908617823,4.767073454308911,8.246211251235321,9.16515138991168,3743160.0,2.0,peterson_shoulder,1.8566975000000003,11.9,True,,16.0,14.422205101855956,16.0,30916.0,1.79,16.9,16.0,8.0,0.9975273768433653,0.9920262937532808,0.9975273768433653,0.9883784185547806,0.9975273768433653,1.0,1.0,1.0,aeration,incomplete mineralisation (anoxic core) — the paper's Fig. 5 mode,20.999999999999996,98.5484712562236,20.999999999999996,drainage,0.43643578047198484,1.0,16.0,250.0,True,12.0,0.0,0.0,,,88.3,86.2,139.9,4.0,0.1,16.9,8.7,,,,,,,shell,geometry+score,2496.1044154232495,max(score);min(volume_mm3);max(cavity_volume_mm3),105,1312
shell_019,2.0,21.0,85.0,173,7,0,0,True,,,21d/85%RH,True,,,,11.9,,True,0.0,2496104.4154232494,2491920.0,318946.279272869,435100.0,0.17460432116600855,18.33030277982336,9.534146908617823,4.767073454308911,8.246211251235321,9.16515138991168,3743160.0,2.0,peterson_shoulder,1.8566975000000003,11.9,True,,16.0,14.422205101855956,16.0,30916.0,1.79,16.9,16.0,8.0,0.9975273768433653,0.993331336138982,0.9975273768433653,0.9963899178137011,0.9975273768433653,1.0,1.0,1.0,aeration,incomplete mineralisation (anoxic core) — the paper's Fig. 5 mode,23.625,98.5484712562236,23.625,drainage,0.38794291597509756,1.0,16.0,250.0,True,12.0,0.0,0.0,,,88.3,86.2,139.9,4.0,0.1,16.9,8.7,,,,,,,shell,geometry+score,2496.1044154232495,max(score);min(volume_mm3);max(cavity_volume_mm3),105,1312
shell_026,2.0,28.0,90.0,235,7,0,0,True,,,28d/90%RH,True,,,,15.6,,True,0.0,1006195.1498758938,1007192.0,114426.47299992132,179728.0,0.1784446262480242,23.323807579381203,10.677410620321862,5.338705310160931,10.0,11.661903789690601,738256.0,2.0,peterson_shoulder,2.4339900000000005,15.6,True,,16.0,12.0,20.0,5488.0,1.79,25.0,16.0,8.0,0.9975273768433653,0.9105322991252291,0.9975273768433653,0.9716939841213981,0.9975273768433653,1.0,1.0,1.0,aeration,incomplete mineralisation (anoxic core) — the paper's Fig. 5 mode,20.999999999999996,98.5484712562236,20.999999999999996,drainage,0.5553287518900287,1.0,16.0,250.0,True,12.0,0.0,0.0,,,50.3,54.9,113.1,2.9,0.0,25.0,28.5,,,,,,,shell,geometry+score,1006.1951498758939,max(score);min(volume_mm3);max(cavity_volume_mm3),105,1312
shell_026,2.0,21.0,85.0,236,7,0,0,True,,,21d/85%RH,True,,,,15.6,,True,0.0,1006195.1498758938,1007192.0,114426.47299992132,179728.0,0.1784446262480242,23.323807579381203,10.677410620321862,5.338705310160931,10.0,11.661903789690601,738256.0,2.0,peterson_shoulder,2.4339900000000005,15.6,True,,16.0,12.0,20.0,5488.0,1.79,25.0,16.0,8.0,0.9975273768433653,0.9871796058507764,0.9975273768433653,0.9861872349666628,0.9975273768433653,1.0,1.0,1.0,aeration,incomplete mineralisation (anoxic core) — the paper's Fig. 5 mode,23.625,98.5484712562236,23.625,drainage,0.493625557235581,1.0,16.0,250.0,True,12.0,0.0,0.0,,,50.3,54.9,113.1,2.9,0.0,25.0,28.5,,,,,,,shell,geometry+score,1006.1951498758939,max(score);min(volume_mm3);max(cavity_volume_mm3),105,1312
shell_095,2.0,14.0,90.0,855,7,0,0,True,,,14d/90%RH,True,,,,12.4,,True,0.0,1009332.0187375797,1014792.0,136464.7571251777,211524.0,0.20844074450724878,17.88854381999832,9.159235403894993,4.579617701947496,8.246211251235321,8.94427190999916,1066776.0,2.0,peterson_shoulder,1.9347100000000004,12.4,True,,16.0,11.313708498984761,16.492422502470642,10161.0,1.79,16.6,16.0,8.0,0.9975273768433653,1.665274576469669e-05,0.9975273768433653,0.7948878482272241,0.9975273768433653,1.0,1.0,1.0,aeration,incomplete mineralisation (anoxic core) — the paper's Fig. 5 mode,10.499999999999998,98.5484712562236,10.499999999999998,drainage,0.8518354199999201,1.0,16.0,250.0,True,12.0,0.0,0.0,,,73.9,66.4,88.6,3.2,0.2,16.6,22.4,,,,,,,shell,geometry+score,1009.3320187375797,max(score);min(volume_mm3);max(cavity_volume_mm3),105,1312
shell_095,2.0,28.0,90.0,856,7,0,0,True,,,28d/90%RH,True,,,,12.4,,True,0.0,1009332.0187375797,1014792.0,136464.7571251777,211524.0,0.20844074450724878,17.88854381999832,9.159235403894993,4.579617701947496,8.246211251235321,8.94427190999916,1066776.0,2.0,peterson_shoulder,1.9347100000000004,12.4,True,,16.0,11.313708498984761,16.492422502470642,10161.0,1.79,16.6,16.0,8.0,0.9975273768433653,0.993331336138982,0.9975273768433653,0.9924531017154494,0.9975273768433653,1.0,1.0,1.0,aeration,incomplete mineralisation (anoxic core) — the paper's Fig. 5 mode,20.999999999999996,98.5484712562236,20.999999999999996,drainage,0.42591770999996004,1.0,16.0,250.0,True,12.0,0.0,0.0,,,73.9,66.4,88.6,3.2,0.2,16.6,22.4,,,,,,,shell,geometry+score,1009.3320187375797,max(score);min(volume_mm3);max(cavity_volume_mm3),105,1312
shell_095,2.0,21.0,85.0,857,7,0,0,True,,,21d/85%RH,True,,,,12.4,,True,0.0,1009332.0187375797,1014792.0,136464.7571251777,211524.0,0.20844074450724878,17.88854381999832,9.159235403894993,4.579617701947496,8.246211251235321,8.94427190999916,1066776.0,2.0,peterson_shoulder,1.9347100000000004,12.4,True,,16.0,11.313708498984761,16.492422502470642,10161.0,1.79,16.6,16.0,8.0,0.9975273768433653,0.993331336138982,0.9975273768433653,0.9968094282361332,0.9975273768433653,1.0,1.0,1.0,aeration,incomplete mineralisation (anoxic core) — the paper's Fig. 5 mode,23.625,98.5484712562236,23.625,drainage,0.37859351999996443,1.0,16.0,250.0,True,12.0,0.0,0.0,,,73.9,66.4,88.6,3.2,0.2,16.6,22.4,,,,,,,shell,geometry+score,1009.3320187375797,max(score);min(volume_mm3);max(cavity_volume_mm3),105,1312
shell_111,2.0,14.0,90.0,999,7,0,0,True,,,14d/90%RH,True,,,,13.5,,True,0.0,1446294.4228570207,1458232.0,177303.3901639776,268812.0,0.18434103764010115,20.0,10.000881690527304,5.000440845263652,8.94427190999916,10.0,1644432.0,2.0,peterson_shoulder,2.1063375000000004,13.5,True,,17.88854381999832,14.422205101855956,20.0,8474.0,1.79,18.3,17.88854381999832,8.94427190999916,0.9975273768433653,1.4196680029223936e-06,0.9975273768433653,0.7109955944244069,0.9975273768433653,1.0,1.0,1.0,aeration,incomplete mineralisation (anoxic core) — the paper's Fig. 5 mode,10.499999999999998,98.5484712562236,10.499999999999998,drainage,0.9523809523809526,1.0,17.88854381999832,250.0,True,12.0,0.0,0.0,,,75.8,71.6,105.8,3.3,0.1,18.3,29.8,,,,,,,shell,geometry+score,1446.2944228570207,max(score);min(volume_mm3);max(cavity_volume_mm3),105,1312
shell_111,2.0,28.0,90.0,1000,7,0,0,True,,,28d/90%RH,True,,,,13.5,,True,0.0,1446294.4228570207,1458232.0,177303.3901639776,268812.0,0.18434103764010115,20.0,10.000881690527304,5.000440845263652,8.94427190999916,10.0,1644432.0,2.0,peterson_shoulder,2.1063375000000004,13.5,True,,17.88854381999832,14.422205101855956,20.0,8474.0,1.79,18.3,17.88854381999832,8.94427190999916,0.9975273768433653,0.9975273768433653,0.9975273768433653,0.9835950188764013,0.9975273768433653,1.0,1.0,1.0,aeration,incomplete mineralisation (anoxic core) — the paper's Fig. 5 mode,20.999999999999996,98.5484712562236,20.999999999999996,drainage,0.4761904761904763,1.0,17.88854381999832,250.0,True,12.0,0.0,0.0,,,75.8,71.6,105.8,3.3,0.1,18.3,29.8,,,,,,,shell,geometry+score,1446.2944228570207,max(score);min(volume_mm3);max(cavity_volume_mm3),105,1312
shell_111,2.0,21.0,85.0,1001,7,0,0,True,,,21d/85%RH,True,,,,13.5,,True,0.0,1446294.4228570207,1458232.0,177303.3901639776,268812.0,0.18434103764010115,20.0,10.000881690527304,5.000440845263652,8.94427190999916,10.0,1644432.0,2.0,peterson_shoulder,2.1063375000000004,13.5,True,,17.88854381999832,14.422205101855956,20.0,8474.0,1.79,18.3,17.88854381999832,8.94427190999916,0.9975273768433653,0.9975273768433653,0.9975273768433653,0.9951124008817344,0.9975273768433653,1.0,1.0,1.0,aeration,incomplete mineralisation (anoxic core) — the paper's Fig. 5 mode,23.625,98.5484712562236,23.625,drainage,0.42328042328042326,1.0,17.88854381999832,250.0,True,12.0,0.0,0.0,,,75.8,71.6,105.8,3.3,0.1,18.3,29.8,,,,,,,shell,geometry+score,1446.2944228570207,max(score);min(volume_mm3);max(cavity_volume_mm3),105,1312
shell_128,2.0,14.0,90.0,1152,7,0,0,True,,,14d/90%RH,True,,,,10.5,,True,0.0,699204.0417562354,700960.0,88003.32752050651,148392.0,0.21169824241040858,20.0,9.601252083961406,4.800626041980703,8.717797887081348,10.0,469168.0,2.0,peterson_shoulder,1.6382625000000002,10.5,True,,17.88854381999832,14.422205101855956,18.33030277982336,2717.0,1.79,18.1,17.88854381999832,8.94427190999916,0.9975273768433653,5.084122976635849e-06,0.9975273768433653,0.7263390575358751,0.9975273768433653,1.0,1.0,1.0,aeration,incomplete mineralisation (anoxic core) — the paper's Fig. 5 mode,10.499999999999998,98.5484712562236,10.499999999999998,drainage,0.9523809523809526,1.0,17.88854381999832,250.0,True,12.0,0.0,0.0,,,71.8,60.3,64.0,3.1,0.3,18.1,16.9,,,,,,,shell,geometry+score,699.2040417562354,max(score);min(volume_mm3);max(cavity_volume_mm3),105,1312
shell_128,2.0,28.0,90.0,1153,7,0,0,True,,,28d/90%RH,True,,,,10.5,,True,0.0,699204.0417562354,700960.0,88003.32752050651,148392.0,0.21169824241040858,20.0,9.601252083961406,4.800626041980703,8.717797887081348,10.0,469168.0,2.0,peterson_shoulder,1.6382625000000002,10.5,True,,17.88854381999832,14.422205101855956,18.33030277982336,2717.0,1.79,18.1,17.88854381999832,8.94427190999916,0.9975273768433653,0.9975273768433653,0.9975273768433653,0.9853805943984325,0.9975273768433653,1.0,1.0,1.0,aeration,incomplete mineralisation (anoxic core) — the paper's Fig. 5 mode,20.999999999999996,98.5484712562236,20.999999999999996,drainage,0.4761904761904763,1.0,17.88854381999832,250.0,True,12.0,0.0,0.0,,,71.8,60.3,64.0,3.1,0.3,18.1,16.9,,,,,,,shell,geometry+score,699.2040417562354,max(score);min(volume_mm3);max(cavity_volume_mm3),105,1312
shell_128,2.0,21.0,85.0,1154,7,0,0,True,,,21d/85%RH,True,,,,10.5,,True,0.0,699204.0417562354,700960.0,88003.32752050651,148392.0,0.21169824241040858,20.0,9.601252083961406,4.800626041980703,8.717797887081348,10.0,469168.0,2.0,peterson_shoulder,1.6382625000000002,10.5,True,,17.88854381999832,14.422205101855956,18.33030277982336,2717.0,1.79,18.1,17.88854381999832,8.94427190999916,0.9975273768433653,0.9975273768433653,0.9975273768433653,0.9952674337493305,0.9975273768433653,1.0,1.0,1.0,aeration,incomplete mineralisation (anoxic core) — the paper's Fig. 5 mode,23.625,98.5484712562236,23.625,drainage,0.42328042328042326,1.0,17.88854381999832,250.0,True,12.0,0.0,0.0,,,71.8,60.3,64.0,3.1,0.3,18.1,16.9,,,,,,,shell,geometry+score,699.2040417562354,max(score);min(volume_mm3);max(cavity_volume_mm3),105,1312
shell_130,2.0,28.0,90.0,1171,7,0,0,True,,,28d/90%RH,True,,,,14.9,,True,0.0,610104.5887629773,612208.0,80487.55104797812,122760.0,0.2005200846771032,22.627416997969522,9.569683221945233,4.784841610972617,8.94427190999916,11.313708498984761,426536.0,2.0,peterson_shoulder,2.3247725000000004,14.9,True,,16.0,8.0,16.0,4500.0,1.79,25.8,16.0,8.0,0.9975273768433653,0.9539131362993358,0.9975273768433653,0.9787729226262053,0.9975273768433653,1.0,1.0,1.0,aeration,incomplete mineralisation (anoxic core) — the paper's Fig. 5 mode,20.999999999999996,98.5484712562236,20.999999999999996,drainage,0.5387480237611791,1.0,16.0,250.0,True,12.0,0.0,0.0,,,42.6,45.6,93.0,3.8,0.1,25.8,25.3,,,,,,,shell,geometry+score,610.1045887629773,max(score);min(volume_mm3);max(cavity_volume_mm3),105,1312
shell_130,2.0,21.0,85.0,1172,7,0,0,True,,,21d/85%RH,True,,,,14.9,,True,0.0,610104.5887629773,612208.0,80487.55104797812,122760.0,0.2005200846771032,22.627416997969522,9.569683221945233,4.784841610972617,8.94427190999916,11.313708498984761,426536.0,2.0,peterson_shoulder,2.3247725000000004,14.9,True,,16.0,8.0,16.0,4500.0,1.79,25.8,16.0,8.0,0.9975273768433653,0.9871796058507764,0.9975273768433653,0.9904041161131154,0.9975273768433653,1.0,1.0,1.0,aeration,incomplete mineralisation (anoxic core) — the paper's Fig. 5 mode,23.625,98.5484712562236,23.625,drainage,0.47888713223215923,1.0,16.0,250.0,True,12.0,0.0,0.0,,,42.6,45.6,93.0,3.8,0.1,25.8,25.3,,,,,,,shell,geometry+score,610.1045887629773,max(score);min(volume_mm3);max(cavity_volume_mm3),105,1312
shell_139,2.0,14.0,90.0,1251,7,0,0,True,,,14d/90%RH,True,,,,11.1,,True,0.0,1152805.130006228,1163656.0,156574.46163083217,245260.0,0.2107667558109957,16.97056274847714,9.080149618805976,4.540074809402988,8.0,8.48528137423857,1329664.0,2.0,peterson_shoulder,1.7318775000000002,11.1,True,,16.0,14.422205101855956,16.492422502470642,12097.0,1.79,16.2,16.0,8.0,0.9975273768433653,2.349422069685504e-05,0.9975273768433653,0.8172778592919383,0.9975273768433653,1.0,1.0,1.0,aeration,incomplete mineralisation (anoxic core) — the paper's Fig. 5 mode,10.499999999999998,98.5484712562236,10.499999999999998,drainage,0.8081220356417687,1.0,16.0,250.0,True,12.0,0.0,0.0,,,80.4,76.8,80.0,2.9,0.1,16.2,13.1,,,,,,,shell,geometry+score,1152.8051300062282,max(score);min(volume_mm3);max(cavity_volume_mm3),105,1312
shell_139,2.0,28.0,90.0,1252,7,0,0,True,,,28d/90%RH,True,,,,11.1,,True,0.0,1152805.130006228,1163656.0,156574.46163083217,245260.0,0.2107667558109957,16.97056274847714,9.080149618805976,4.540074809402988,8.0,8.48528137423857,1329664.0,2.0,peterson_shoulder,1.7318775000000002,11.1,True,,16.0,14.422205101855956,16.492422502470642,12097.0,1.79,16.2,16.0,8.0,0.9975273768433653,0.993331336138982,0.9975273768433653,0.9942795075296417,0.9975273768433653,1.0,1.0,1.0,aeration,incomplete mineralisation (anoxic core) — the paper's Fig. 5 mode,20.999999999999996,98.5484712562236,20.999999999999996,drainage,0.4040610178208843,1.0,16.0,250.0,True,12.0,0.0,0.0,,,80.4,76.8,80.0,2.9,0.1,16.2,13.1,,,,,,,shell,geometry+score,1152.8051300062282,max(score);min(volume_mm3);max(cavity_volume_mm3),105,1312
shell_139,2.0,21.0,85.0,1253,7,0,0,True,,,21d/85%RH,True,,,,11.1,,True,0.0,1152805.130006228,1163656.0,156574.46163083217,245260.0,0.2107667558109957,16.97056274847714,9.080149618805976,4.540074809402988,8.0,8.48528137423857,1329664.0,2.0,peterson_shoulder,1.7318775000000002,11.1,True,,16.0,14.422205101855956,16.492422502470642,12097.0,1.79,16.2,16.0,8.0,0.9975273768433653,0.9960183720468975,0.9975273768433653,0.997115341220652,0.9975273768433653,1.0,1.0,1.0,aeration,incomplete mineralisation (anoxic core) — the paper's Fig. 5 mode,23.625,98.5484712562236,23.625,drainage,0.35916534917411935,1.0,16.0,250.0,True,12.0,0.0,0.0,,,80.4,76.8,80.0,2.9,0.1,16.2,13.1,,,,,,,shell,geometry+score,1152.8051300062282,max(score);min(volume_mm3);max(cavity_volume_mm3),105,1312
shell_142,2.0,28.0,90.0,1279,7,0,0,True,,,28d/90%RH,True,,,,15.5,,True,0.0,413885.98280370753,415800.0,49428.43237767804,94340.0,0.2268879268879269,26.832815729997478,10.25486917553754,5.12743458776877,10.198039027185569,13.416407864998739,247744.0,2.0,peterson_shoulder,2.4183875000000006,15.5,True,,16.0,14.422205101855956,21.540659228538015,1422.0,1.79,37.4,16.0,8.0,0.9975273768433653,0.7348802753932849,0.9975273768433653,0.9607035872426308,0.9975273768433653,1.0,1.0,1.0,aeration,incomplete mineralisation (anoxic core) — the paper's Fig. 5 mode,20.999999999999996,98.5484712562236,20.999999999999996,drainage,0.63887656499994,1.0,16.0,250.0,True,12.0,0.0,0.0,,,55.7,50.3,68.5,2.3,0.3,37.4,23.5,,,,,,,shell,geometry+score,413.8859828037075,max(score);min(volume_mm3);max(cavity_volume_mm3),105,1312
shell_142,2.0,21.0,85.0,1280,7,0,0,True,,,21d/85%RH,True,,,,15.5,,True,0.0,413885.98280370753,415800.0,49428.43237767804,94340.0,0.2268879268879269,26.832815729997478,10.25486917553754,5.12743458776877,10.198039027185569,13.416407864998739,247744.0,2.0,peterson_shoulder,2.4183875000000006,15.5,True,,16.0,14.422205101855956,21.540659228538015,1422.0,1.79,37.4,16.0,8.0,0.9975273768433653,0.8810382118893155,0.9975273768433653,0.9780810620482254,0.9975273768433653,1.0,1.0,1.0,aeration,incomplete mineralisation (anoxic core) — the paper's Fig. 5 mode,23.625,98.5484712562236,23.625,drainage,0.5678902799999466,1.0,16.0,250.0,True,12.0,0.0,0.0,,,55.7,50.3,68.5,2.3,0.3,37.4,23.5,,,,,,,shell,geometry+score,413.8859828037075,max(score);min(volume_mm3);max(cavity_volume_mm3),105,1312
shell_145,2.0,14.0,90.0,1305,7,0,0,True,,,14d/90%RH,True,,,,7.8,,True,0.0,1674494.8687893106,1649152.0,232996.54027493688,322632.0,0.1956350900341509,16.97056274847714,8.890795650110855,4.445397825055427,8.0,8.48528137423857,2131872.0,2.0,peterson_shoulder,1.2169950000000003,7.8,True,,16.0,14.422205101855956,16.0,16855.0,1.79,15.7,15.7,7.85,0.9975273768433653,3.421002605912553e-05,0.9975273768433653,0.8374754204404417,0.9975273768433653,1.0,1.0,1.0,aeration,incomplete mineralisation (anoxic core) — the paper's Fig. 5 mode,10.499999999999998,98.5484712562236,10.499999999999998,drainage,0.8081220356417687,1.0,15.7,250.0,True,12.0,0.0,0.0,,,57.6,87.0,135.9,3.5,0.1,15.7,18.0,,,,,,,shell,geometry+score,1674.4948687893107,max(score);min(volume_mm3);max(cavity_volume_mm3),105,1312
shell_145,2.0,28.0,90.0,1306,7,0,0,True,,,28d/90%RH,True,,,,7.8,,True,0.0,1674494.8687893106,1649152.0,232996.54027493688,322632.0,0.1956350900341509,16.97056274847714,8.890795650110855,4.445397825055427,8.0,8.48528137423857,2131872.0,2.0,peterson_shoulder,1.2169950000000003,7.8,True,,16.0,14.422205101855956,16.0,16855.0,1.79,15.7,15.7,7.85,0.9975273768433653,0.958395605423429,0.9975273768433653,0.9903777907026939,0.9975273768433653,1.0,1.0,1.0,aeration,incomplete mineralisation (anoxic core) — the paper's Fig. 5 mode,20.999999999999996,98.5484712562236,20.999999999999996,drainage,0.4040610178208843,1.0,15.7,250.0,True,12.0,0.0,0.0,,,57.6,87.0,135.9,3.5,0.1,15.7,18.0,,,,,,,shell,geometry+score,1674.4948687893107,max(score);min(volume_mm3);max(cavity_volume_mm3),105,1312
shell_145,2.0,21.0,85.0,1307,7,0,0,True,,,21d/85%RH,True,,,,7.8,,True,0.0,1674494.8687893106,1649152.0,232996.54027493688,322632.0,0.1956350900341509,16.97056274847714,8.890795650110855,4.445397825055427,8.0,8.48528137423857,2131872.0,2.0,peterson_shoulder,1.2169950000000003,7.8,True,,16.0,14.422205101855956,16.0,16855.0,1.79,15.7,15.7,7.85,0.9975273768433653,0.960986200592015,0.9975273768433653,0.9924009802423077,0.9975273768433653,1.0,1.0,1.0,aeration,incomplete mineralisation (anoxic core) — the paper's Fig. 5 mode,23.625,98.5484712562236,23.625,drainage,0.35916534917411935,1.0,15.7,250.0,True,12.0,0.0,0.0,,,57.6,87.0,135.9,3.5,0.1,15.7,18.0,,,,,,,shell,geometry+score,1674.4948687893107,max(score);min(volume_mm3);max(cavity_volume_mm3),105,1312
shell_150,2.0,14.0,90.0,1350,7,0,0,True,,,14d/90%RH,True,,,,14.0,,True,0.0,986457.829877731,990792.0,129584.3875926394,190016.0,0.19178192799295918,18.33030277982336,9.42244601829823,4.711223009149115,8.246211251235321,9.16515138991168,715256.0,2.0,peterson_shoulder,2.1843500000000002,14.0,True,,16.0,11.313708498984761,16.0,8814.0,1.79,17.1,16.0,8.0,0.9975273768433653,6.400598741373933e-06,0.9975273768433653,0.7640974819685736,0.9975273768433653,1.0,1.0,1.0,aeration,incomplete mineralisation (anoxic core) — the paper's Fig. 5 mode,10.499999999999998,98.5484712562236,10.499999999999998,drainage,0.8728715609439697,1.0,16.0,250.0,True,12.0,0.0,0.0,,,61.1,42.4,115.8,3.0,0.0,17.1,14.3,,,,,,,shell,geometry+score,986.457829877731,max(score);min(volume_mm3);max(cavity_volume_mm3),105,1312
shell_150,2.0,28.0,90.0,1351,7,0,0,True,,,28d/90%RH,True,,,,14.0,,True,0.0,986457.829877731,990792.0,129584.3875926394,190016.0,0.19178192799295918,18.33030277982336,9.42244601829823,4.711223009149115,8.246211251235321,9.16515138991168,715256.0,2.0,peterson_shoulder,2.1843500000000002,14.0,True,,16.0,11.313708498984761,16.0,8814.0,1.79,17.1,16.0,8.0,0.9975273768433653,0.9920262937532808,0.9975273768433653,0.9892179687858283,0.9975273768433653,1.0,1.0,1.0,aeration,incomplete mineralisation (anoxic core) — the paper's Fig. 5 mode,20.999999999999996,98.5484712562236,20.999999999999996,drainage,0.43643578047198484,1.0,16.0,250.0,True,12.0,0.0,0.0,,,61.1,42.4,115.8,3.0,0.0,17.1,14.3,,,,,,,shell,geometry+score,986.457829877731,max(score);min(volume_mm3);max(cavity_volume_mm3),105,1312
shell_150,2.0,21.0,85.0,1352,7,0,0,True,,,21d/85%RH,True,,,,14.0,,True,0.0,986457.829877731,990792.0,129584.3875926394,190016.0,0.19178192799295918,18.33030277982336,9.42244601829823,4.711223009149115,8.246211251235321,9.16515138991168,715256.0,2.0,peterson_shoulder,2.1843500000000002,14.0,True,,16.0,11.313708498984761,16.0,8814.0,1.79,17.1,16.0,8.0,0.9975273768433653,0.993331336138982,0.9975273768433653,0.9963795666804421,0.9975273768433653,1.0,1.0,1.0,aeration,incomplete mineralisation (anoxic core) — the paper's Fig. 5 mode,23.625,98.5484712562236,23.625,drainage,0.38794291597509756,1.0,16.0,250.0,True,12.0,0.0,0.0,,,61.1,42.4,115.8,3.0,0.0,17.1,14.3,,,,,,,shell,geometry+score,986.457829877731,max(score);min(volume_mm3);max(cavity_volume_mm3),105,1312
shell_199,2.0,14.0,90.0,1791,7,0,0,True,,,14d/90%RH,True,,,,13.0,,True,0.0,1089516.894457375,1094352.0,148528.71294110868,240256.0,0.21954179276868868,16.97056274847714,9.06954957989378,4.53477478994689,8.246211251235321,8.48528137423857,1189152.0,2.0,peterson_shoulder,2.028325,13.0,True,,16.0,12.649110640673518,16.492422502470642,8516.0,1.79,16.4,16.0,8.0,0.9975273768433653,3.549811992495745e-05,0.9975273768433653,0.8199364621536092,0.9975273768433653,1.0,1.0,1.0,aeration,incomplete mineralisation (anoxic core) — the paper's Fig. 5 mode,10.499999999999998,98.5484712562236,10.499999999999998,drainage,0.8081220356417687,1.0,16.0,250.0,True,12.0,0.0,0.0,,,69.0,82.0,108.5,2.2,0.2,16.4,18.1,,,,,,,shell,geometry+score,1089.516894457375,max(score);min(volume_mm3);max(cavity_volume_mm3),105,1312
shell_199,2.0,28.0,90.0,1792,7,0,0,True,,,28d/90%RH,True,,,,13.0,,True,0.0,1089516.894457375,1094352.0,148528.71294110868,240256.0,0.21954179276868868,16.97056274847714,9.06954957989378,4.53477478994689,8.246211251235321,8.48528137423857,1189152.0,2.0,peterson_shoulder,2.028325,13.0,True,,16.0,12.649110640673518,16.492422502470642,8516.0,1.79,16.4,16.0,8.0,0.9975273768433653,0.993331336138982,0.9975273768433653,0.9946890919200566,0.9975273768433653,1.0,1.0,1.0,aeration,incomplete mineralisation (anoxic core) — the paper's Fig. 5 mode,20.999999999999996,98.5484712562236,20.999999999999996,drainage,0.4040610178208843,1.0,16.0,250.0,True,12.0,0.0,0.0,,,69.0,82.0,108.5,2.2,0.2,16.4,18.1,,,,,,,shell,geometry+score,1089.516894457375,max(score);min(volume_mm3);max(cavity_volume_mm3),105,1312
shell_199,2.0,21.0,85.0,1793,7,0,0,True,,,21d/85%RH,True,,,,13.0,,True,0.0,1089516.894457375,1094352.0,148528.71294110868,240256.0,0.21954179276868868,16.97056274847714,9.06954957989378,4.53477478994689,8.246211251235321,8.48528137423857,1189152.0,2.0,peterson_shoulder,2.028325,13.0,True,,16.0,12.649110640673518,16.492422502470642,8516.0,1.79,16.4,16.0,8.0,0.9975273768433653,0.9960183720468975,0.9975273768433653,0.997115341220652,0.9975273768433653,1.0,1.0,1.0,aeration,incomplete mineralisation (anoxic core) — the paper's Fig. 5 mode,23.625,98.5484712562236,23.625,drainage,0.35916534917411935,1.0,16.0,250.0,True,12.0,0.0,0.0,,,69.0,82.0,108.5,2.2,0.2,16.4,18.1,,,,,,,shell,geometry+score,1089.516894457375,max(score);min(volume_mm3);max(cavity_volume_mm3),105,1312
shell_209,2.0,14.0,90.0,1881,7,0,0,True,,,14d/90%RH,True,,,,6.5,,True,0.0,597227.6938035642,597920.0,71805.0007219995,131116.0,0.21928686111854429,20.396078054371138,9.923234338161317,4.961617169080658,9.16515138991168,10.198039027185569,292928.0,2.0,peterson_shoulder,1.0141625,6.5,True,,19.595917942265423,8.94427190999916,20.0,2577.0,1.79,19.3,19.3,9.65,0.9975273768433653,3.4373466093303662e-06,0.9975273768433653,0.6989855147165234,0.9975273768433653,1.0,1.0,1.0,aeration,incomplete mineralisation (anoxic core) — the paper's Fig. 5 mode,10.499999999999998,98.5484712562236,10.499999999999998,drainage,0.9712418121129115,1.0,19.3,250.0,True,12.0,0.0,0.0,,,58.2,75.0,71.7,2.1,0.4,19.3,13.5,,,,,,,shell,geometry+score,597.2276938035642,max(score);min(volume_mm3);max(cavity_volume_mm3),105,1312
shell_209,2.0,28.0,90.0,1882,7,0,0,True,,,28d/90%RH,True,,,,6.5,,True,0.0,597227.6938035642,597920.0,71805.0007219995,131116.0,0.21928686111854429,20.396078054371138,9.923234338161317,4.961617169080658,9.16515138991168,10.198039027185569,292928.0,2.0,peterson_shoulder,1.0141625,6.5,True,,19.595917942265423,8.94427190999916,20.0,2577.0,1.79,19.3,19.3,9.65,0.9975273768433653,0.9975273768433653,0.9975273768433653,0.9830327858209259,0.9975273768433653,1.0,1.0,1.0,aeration,incomplete mineralisation (anoxic core) — the paper's Fig. 5 mode,20.999999999999996,98.5484712562236,20.999999999999996,drainage,0.48562090605645575,1.0,19.3,250.0,True,12.0,0.0,0.0,,,58.2,75.0,71.7,2.1,0.4,19.3,13.5,,,,,,,shell,geometry+score,597.2276938035642,max(score);min(volume_mm3);max(cavity_volume_mm3),105,1312
shell_209,2.0,21.0,85.0,1883,7,0,0,True,,,21d/85%RH,True,,,,6.5,,True,0.0,597227.6938035642,597920.0,71805.0007219995,131116.0,0.21928686111854429,20.396078054371138,9.923234338161317,4.961617169080658,9.16515138991168,10.198039027185569,292928.0,2.0,peterson_shoulder,1.0141625,6.5,True,,19.595917942265423,8.94427190999916,20.0,2577.0,1.79,19.3,19.3,9.65,0.9975273768433653,0.9975273768433653,0.9975273768433653,0.9941856994197659,0.9975273768433653,1.0,1.0,1.0,aeration,incomplete mineralisation (anoxic core) — the paper's Fig. 5 mode,23.625,98.5484712562236,23.625,drainage,0.4316630276057384,1.0,19.3,250.0,True,12.0,0.0,0.0,,,58.2,75.0,71.7,2.1,0.4,19.3,13.5,,,,,,,shell,geometry+score,597.2276938035642,max(score);min(volume_mm3);max(cavity_volume_mm3),105,1312
shell_222,2.0,28.0,90.0,1999,7,0,0,True,,,28d/90%RH,True,,,,9.5,,True,0.0,746659.4318592845,749088.0,96182.84154116368,149760.0,0.19992310649750097,22.627416997969522,9.765614241789955,4.882807120894977,9.16515138991168,11.313708498984761,558944.0,2.0,peterson_shoulder,1.4822375000000003,9.5,True,,16.0,8.0,20.0,5296.0,1.79,21.9,16.0,8.0,0.9975273768433653,0.9539305082069119,0.9975273768433653,0.9780313070179414,0.9975273768433653,1.0,1.0,1.0,aeration,incomplete mineralisation (anoxic core) — the paper's Fig. 5 mode,20.999999999999996,98.5484712562236,20.999999999999996,drainage,0.5387480237611791,1.0,16.0,250.0,True,12.0,0.0,0.0,,,53.3,46.5,106.8,2.8,0.1,21.9,27.4,,,,,,,shell,geometry+score,746.6594318592845,max(score);min(volume_mm3);max(cavity_volume_mm3),105,1312
shell_222,2.0,21.0,85.0,2000,7,0,0,True,,,21d/85%RH,True,,,,9.5,,True,0.0,746659.4318592845,749088.0,96182.84154116368,149760.0,0.19992310649750097,22.627416997969522,9.765614241789955,4.882807120894977,9.16515138991168,11.313708498984761,558944.0,2.0,peterson_shoulder,1.4822375000000003,9.5,True,,16.0,8.0,20.0,5296.0,1.79,21.9,16.0,8.0,0.9975273768433653,0.9871796058507764,0.9975273768433653,0.9902316451916366,0.9975273768433653,1.0,1.0,1.0,aeration,incomplete mineralisation (anoxic core) — the paper's Fig. 5 mode,23.625,98.5484712562236,23.625,drainage,0.47888713223215923,1.0,16.0,250.0,True,12.0,0.0,0.0,,,53.3,46.5,106.8,2.8,0.1,21.9,27.4,,,,,,,shell,geometry+score,746.6594318592845,max(score);min(volume_mm3);max(cavity_volume_mm3),105,1312
shell_009,2.0,21.0,85.0,83,7,0,0,True,,,21d/85%RH,True,,,,8.3,,True,0.0,775826.7791132225,773928.0,112718.59586923133,185240.0,0.23935043053100546,16.97056274847714,8.549163924489841,4.274581962244921,7.483314773547883,8.48528137423857,858464.0,2.0,peterson_shoulder,1.2950075000000003,8.3,True,,14.422205101855956,14.422205101855956,16.0,5106.0,1.79,15.5,14.422205101855956,7.211102550927978,0.9365723697624049,0.814262271611467,0.9975273768433653,0.9225291513400209,0.9975273768433653,1.0,0.938893900562559,1.0,castability,aggregate bridging / starved mould feature (defective casting),23.625,98.5484712562236,23.625,drainage,0.35916534917411935,1.0,14.422205101855956,250.0,True,12.0,0.0,0.0,,,59.4,71.3,76.0,2.5,0.0,15.5,22.1,,,,,,,shell,geometry+score,775.8267791132225,max(score);min(volume_mm3);max(cavity_volume_mm3),105,1312
shell_069,2.0,21.0,85.0,623,7,0,0,True,,,21d/85%RH,True,,,,6.4,,True,0.0,1046972.6153461975,1046664.0,151750.12007043383,226240.0,0.21615341695138077,16.492422502470642,8.620725625096446,4.310362812548223,7.483314773547883,8.246211251235321,1069688.0,2.0,peterson_shoulder,0.9985600000000002,6.4,True,,14.422205101855956,14.422205101855956,16.0,8934.0,1.79,15.1,14.422205101855956,7.211102550927978,0.9365723697624049,0.814262271611467,0.9975273768433653,0.9225291513400209,0.9975273768433653,1.0,0.938893900562559,1.0,castability,aggregate bridging / starved mould feature (defective casting),23.625,98.5484712562236,23.625,drainage,0.34904597888826755,1.0,14.422205101855956,250.0,True,12.0,0.0,0.0,,,51.2,79.7,107.4,2.7,0.1,15.1,8.7,,,,,,,shell,geometry+score,1046.9726153461975,max(score);min(volume_mm3);max(cavity_volume_mm3),105,1312
shell_099,2.0,21.0,85.0,893,7,0,0,True,,,21d/85%RH,True,,,,14.1,,True,0.0,1258317.6073089382,1262328.0,190054.89814087853,277284.0,0.21966081715687205,16.492422502470642,8.468560466423114,4.234280233211557,7.483314773547883,8.246211251235321,1780432.0,2.0,peterson_shoulder,2.1999525,14.1,True,,14.422205101855956,8.0,16.0,10316.0,1.79,14.9,14.422205101855956,7.211102550927978,0.9365723697624049,0.814262271611467,0.9975273768433653,0.9225291513400209,0.9975273768433653,1.0,0.938893900562559,1.0,castability,aggregate bridging / starved mould feature (defective casting),23.625,98.5484712562236,23.625,drainage,0.34904597888826755,1.0,14.422205101855956,250.0,True,12.0,0.0,0.0,,,85.9,67.0,130.0,2.9,0.3,14.9,26.4,,,,,,,shell,geometry+score,1258.3176073089382,max(score);min(volume_mm3);max(cavity_volume_mm3),105,1312
shell_140,2.0,28.0,90.0,1261,7,0,0,True,,,28d/90%RH,True,,,,9.9,,True,0.0,1065148.8029294212,1076352.0,161394.67703871045,247704.0,0.23013289332857653,16.0,8.38887830603777,4.194439153018885,7.211102550927978,8.0,1304904.0,2.0,peterson_shoulder,1.5446475000000004,9.9,True,,14.422205101855956,8.94427190999916,16.0,8076.0,1.79,14.6,14.422205101855956,7.211102550927978,0.9365723697624049,0.814262271611467,0.9975273768433653,0.9220903760936937,0.9975273768433653,1.0,0.938893900562559,1.0,castability,aggregate bridging / starved mould feature (defective casting),20.999999999999996,98.5484712562236,20.999999999999996,drainage,0.38095238095238104,1.0,14.422205101855956,250.0,True,12.0,0.0,0.0,,,89.9,52.5,99.5,2.5,0.0,14.6,16.8,,,,,,,shell,geometry+score,1065.1488029294212,max(score);min(volume_mm3);max(cavity_volume_mm3),105,1312
shell_140,2.0,21.0,85.0,1262,7,0,0,True,,,21d/85%RH,True,,,,9.9,,True,0.0,1065148.8029294212,1076352.0,161394.67703871045,247704.0,0.23013289332857653,16.0,8.38887830603777,4.194439153018885,7.211102550927978,8.0,1304904.0,2.0,peterson_shoulder,1.5446475000000004,9.9,True,,14.422205101855956,8.94427190999916,16.0,8076.0,1.79,14.6,14.422205101855956,7.211102550927978,0.9365723697624049,0.814262271611467,0.9975273768433653,0.9225291513400209,0.9975273768433653,1.0,0.938893900562559,1.0,castability,aggregate bridging / starved mould feature (defective casting),23.625,98.5484712562236,23.625,drainage,0.3386243386243386,1.0,14.422205101855956,250.0,True,12.0,0.0,0.0,,,89.9,52.5,99.5,2.5,0.0,14.6,16.8,,,,,,,shell,geometry+score,1065.1488029294212,max(score);min(volume_mm3);max(cavity_volume_mm3),105,1312
shell_192,2.0,21.0,85.0,1730,7,0,0,True,,,21d/85%RH,True,,,,9.2,,True,0.0,990260.7994555132,990560.0,146786.07226806402,220512.0,0.22261347116782426,16.97056274847714,8.516577972488703,4.258288986244351,7.483314773547883,8.48528137423857,945256.0,2.0,peterson_shoulder,1.4354300000000002,9.2,True,,14.422205101855956,8.0,16.0,7796.0,1.79,15.0,14.422205101855956,7.211102550927978,0.9365723697624049,0.814262271611467,0.9975273768433653,0.9225291513400209,0.9975273768433653,1.0,0.938893900562559,1.0,castability,aggregate bridging / starved mould feature (defective casting),23.625,98.5484712562236,23.625,drainage,0.35916534917411935,1.0,14.422205101855956,250.0,True,12.0,0.0,0.0,,,72.4,48.5,128.4,2.3,0.1,15.0,14.3,,,,,,,shell,geometry+score,990.2607994555133,max(score);min(volume_mm3);max(cavity_volume_mm3),105,1312
shell_088,2.0,28.0,90.0,793,7,0,0,True,,,28d/90%RH,True,,,,8.7,,True,0.0,724035.3443116756,733184.0,112703.70539370048,173172.0,0.23619173358938547,16.0,8.21060287153555,4.105301435767775,7.211102550927978,8.0,770016.0,2.0,peterson_shoulder,1.3574175000000002,8.7,True,,14.422205101855956,13.856406460551018,14.422205101855956,6174.0,1.79,14.2,14.2,7.1,0.9076293296110136,0.7891812670301084,0.9975273768433653,0.9010297503299368,0.9975273768433653,1.0,0.9098791177873929,1.0,castability,aggregate bridging / starved mould feature (defective casting),20.999999999999996,98.5484712562236,20.999999999999996,drainage,0.38095238095238104,1.0,14.2,250.0,True,12.0,0.0,0.0,,,70.5,64.1,68.4,3.3,0.2,14.2,11.2,,,,,,,shell,geometry+score,724.0353443116757,max(score);min(volume_mm3);max(cavity_volume_mm3),105,1312
shell_088,2.0,21.0,85.0,794,7,0,0,True,,,21d/85%RH,True,,,,8.7,,True,0.0,724035.3443116756,733184.0,112703.70539370048,173172.0,0.23619173358938547,16.0,8.21060287153555,4.105301435767775,7.211102550927978,8.0,770016.0,2.0,peterson_shoulder,1.3574175000000002,8.7,True,,14.422205101855956,13.856406460551018,14.422205101855956,6174.0,1.79,14.2,14.2,7.1,0.9076293296110136,0.7891812670301084,0.9975273768433653,0.901450924223378,0.9975273768433653,1.0,0.9098791177873929,1.0,castability,aggregate bridging / starved mould feature (defective casting),23.625,98.5484712562236,23.625,drainage,0.3386243386243386,1.0,14.2,250.0,True,12.0,0.0,0.0,,,70.5,64.1,68.4,3.3,0.2,14.2,11.2,,,,,,,shell,geometry+score,724.0353443116757,max(score);min(volume_mm3);max(cavity_volume_mm3),105,1312
shell_251,2.0,28.0,90.0,2260,7,0,0,True,,,28d/90%RH,True,,,,13.7,,True,0.0,987795.4612250921,992592.0,156065.1769684201,233984.0,0.23573028998823284,16.0,8.10647331089042,4.05323665544521,7.211102550927978,8.0,1440496.0,2.0,peterson_shoulder,2.1375425000000003,13.7,True,,14.422205101855956,12.0,14.422205101855956,7296.0,1.79,14.1,14.1,7.05,0.8946548021902976,0.7779380050929446,0.9975273768433653,0.8907652514852161,0.9975273768433653,1.0,0.8968724297285917,1.0,castability,aggregate bridging / starved mould feature (defective casting),20.999999999999996,98.5484712562236,20.999999999999996,drainage,0.38095238095238104,1.0,14.1,250.0,True,12.0,0.0,0.0,,,81.3,82.6,70.1,3.8,0.2,14.1,23.0,,,,,,,shell,geometry+score,987.795461225092,max(score);min(volume_mm3);max(cavity_volume_mm3),105,1312
shell_251,2.0,21.0,85.0,2261,7,0,0,True,,,21d/85%RH,True,,,,13.7,,True,0.0,987795.4612250921,992592.0,156065.1769684201,233984.0,0.23573028998823284,16.0,8.10647331089042,4.05323665544521,7.211102550927978,8.0,1440496.0,2.0,peterson_shoulder,2.1375425000000003,13.7,True,,14.422205101855956,12.0,14.422205101855956,7296.0,1.79,14.1,14.1,7.05,0.8946548021902976,0.7779380050929446,0.9975273768433653,0.8911738533719358,0.9975273768433653,1.0,0.8968724297285917,1.0,castability,aggregate bridging / starved mould feature (defective casting),23.625,98.5484712562236,23.625,drainage,0.3386243386243386,1.0,14.1,250.0,True,12.0,0.0,0.0,,,81.3,82.6,70.1,3.8,0.2,14.1,23.0,,,,,,,shell,geometry+score,987.795461225092,max(score);min(volume_mm3);max(cavity_volume_mm3),105,1312
shell_036,2.0,28.0,90.0,325,7,0,0,True,,,28d/90%RH,True,,,,6.7,,True,0.0,922410.2308518756,927504.0,163568.7635641077,227044.0,0.244790318963584,13.856406460551018,7.49157898166294,3.74578949083147,6.0,6.928203230275509,1437992.0,2.0,peterson_shoulder,1.0453675000000002,6.7,True,,12.0,8.94427190999916,12.0,17042.0,1.79,12.6,12.0,6.0,0.6301344087656159,0.5487140823590261,0.7839863479275059,0.639276875262051,0.9975273768433653,1.0,0.6316963558029359,1.0,castability,aggregate bridging / starved mould feature (defective casting),20.999999999999996,98.5484712562236,20.999999999999996,drainage,0.32991443953692906,1.0,12.0,250.0,True,12.0,0.0,0.0,,,83.0,50.4,97.5,3.9,0.1,12.6,27.5,,,,,,,shell,geometry+score,922.4102308518757,max(score);min(volume_mm3);max(cavity_volume_mm3),105,1312
shell_036,2.0,21.0,85.0,326,7,0,0,True,,,21d/85%RH,True,,,,6.7,,True,0.0,922410.2308518756,927504.0,163568.7635641077,227044.0,0.244790318963584,13.856406460551018,7.49157898166294,3.74578949083147,6.0,6.928203230275509,1437992.0,2.0,peterson_shoulder,1.0453675000000002,6.7,True,,12.0,8.94427190999916,12.0,17042.0,1.79,12.6,12.0,6.0,0.6301344087656159,0.5487140823590261,0.7839863479275059,0.639276875262051,0.9975273768433653,1.0,0.6316963558029359,1.0,castability,aggregate bridging / starved mould feature (defective casting),23.625,98.5484712562236,23.625,drainage,0.2932572795883813,1.0,12.0,250.0,True,12.0,0.0,0.0,,,83.0,50.4,97.5,3.9,0.1,12.6,27.5,,,,,,,shell,geometry+score,922.4102308518757,max(score);min(volume_mm3);max(cavity_volume_mm3),105,1312
shell_114,2.0,21.0,85.0,1028,7,0,0,True,,,21d/85%RH,True,,,,11.6,,True,0.0,290126.6379388674,292024.0,51937.059878108164,85428.0,0.2925375996493439,16.97056274847714,7.474750818720683,3.7373754093603413,6.6332495807108,8.48528137423857,349816.0,2.0,peterson_shoulder,1.8098900000000002,11.6,True,,12.0,8.0,12.649110640673518,2210.0,1.79,19.4,12.0,6.0,0.6301344087656159,0.5487140823590261,0.7839863479275059,0.639276875262051,0.9975273768433653,1.0,0.6316963558029359,1.0,castability,aggregate bridging / starved mould feature (defective casting),23.625,98.5484712562236,23.625,drainage,0.35916534917411935,1.0,12.0,250.0,True,12.0,0.0,0.0,,,43.5,43.6,70.0,2.7,0.1,19.4,27.3,,,,,,,shell,geometry+score,290.12663793886736,max(score);min(volume_mm3);max(cavity_volume_mm3),105,1312
shell_126,2.0,21.0,85.0,1136,7,0,0,True,,,21d/85%RH,True,,,,12.2,,True,0.0,577901.4042619233,579096.0,93542.35730248921,141596.0,0.24451213615704478,16.97056274847714,8.088543008964919,4.0442715044824595,7.211102550927978,8.48528137423857,686944.0,2.0,peterson_shoulder,1.9035050000000002,12.2,True,,12.0,8.0,16.0,4800.0,1.79,16.0,12.0,6.0,0.6301344087656159,0.5487140823590261,0.7839863479275059,0.639276875262051,0.9975273768433653,1.0,0.6316963558029359,1.0,castability,aggregate bridging / starved mould feature (defective casting),23.625,98.5484712562236,23.625,drainage,0.35916534917411935,1.0,12.0,250.0,True,12.0,0.0,0.0,,,55.5,51.4,94.2,3.1,0.2,16.0,29.1,,,,,,,shell,geometry+score,577.9014042619233,max(score);min(volume_mm3);max(cavity_volume_mm3),105,1312
shell_135,2.0,28.0,90.0,1216,7,0,0,True,,,28d/90%RH,True,,,,11.8,,True,0.0,746280.7915292018,753560.0,130459.56394106582,191372.0,0.25395721641276076,14.422205101855956,7.524380897786662,3.762190448893331,6.324555320336759,7.211102550927978,1011656.0,2.0,peterson_shoulder,1.8410950000000004,11.8,True,,12.0,8.94427190999916,12.649110640673518,9890.0,1.79,12.7,12.0,6.0,0.6301344087656159,0.5487140823590261,0.7839863479275059,0.639276875262051,0.9975273768433653,1.0,0.6316963558029359,1.0,castability,aggregate bridging / starved mould feature (defective casting),20.999999999999996,98.5484712562236,20.999999999999996,drainage,0.3433858357584752,1.0,12.0,250.0,True,12.0,0.0,0.0,,,68.8,69.0,84.1,3.4,0.3,12.7,13.2,,,,,,,shell,geometry+score,746.2807915292018,max(score);min(volume_mm3);max(cavity_volume_mm3),105,1312
shell_135,2.0,21.0,85.0,1217,7,0,0,True,,,21d/85%RH,True,,,,11.8,,True,0.0,746280.7915292018,753560.0,130459.56394106582,191372.0,0.25395721641276076,14.422205101855956,7.524380897786662,3.762190448893331,6.324555320336759,7.211102550927978,1011656.0,2.0,peterson_shoulder,1.8410950000000004,11.8,True,,12.0,8.94427190999916,12.649110640673518,9890.0,1.79,12.7,12.0,6.0,0.6301344087656159,0.5487140823590261,0.7839863479275059,0.639276875262051,0.9975273768433653,1.0,0.6316963558029359,1.0,castability,aggregate bridging / starved mould feature (defective casting),23.625,98.5484712562236,23.625,drainage,0.3052318540075335,1.0,12.0,250.0,True,12.0,0.0,0.0,,,68.8,69.0,84.1,3.4,0.3,12.7,13.2,,,,,,,shell,geometry+score,746.2807915292018,max(score);min(volume_mm3);max(cavity_volume_mm3),105,1312
shell_161,2.0,28.0,90.0,1450,7,0,0,True,,,28d/90%RH,True,,,,8.9,,True,0.0,731112.209306654,724048.0,123046.31720146172,187916.0,0.25953527942898813,14.422205101855956,7.6283491803812655,3.8141745901906328,6.324555320336759,7.211102550927978,1009432.0,2.0,peterson_shoulder,1.3886225000000003,8.9,True,,12.0,8.94427190999916,12.0,7282.0,1.79,13.4,12.0,6.0,0.6301344087656159,0.5487140823590261,0.7839863479275059,0.639276875262051,0.9975273768433653,1.0,0.6316963558029359,1.0,castability,aggregate bridging / starved mould feature (defective casting),20.999999999999996,98.5484712562236,20.999999999999996,drainage,0.3433858357584752,1.0,12.0,250.0,True,12.0,0.0,0.0,,,52.6,81.7,78.4,3.0,0.1,13.4,25.4,,,,,,,shell,geometry+score,731.1122093066541,max(score);min(volume_mm3);max(cavity_volume_mm3),105,1312
shell_161,2.0,21.0,85.0,1451,7,0,0,True,,,21d/85%RH,True,,,,8.9,,True,0.0,731112.209306654,724048.0,123046.31720146172,187916.0,0.25953527942898813,14.422205101855956,7.6283491803812655,3.8141745901906328,6.324555320336759,7.211102550927978,1009432.0,2.0,peterson_shoulder,1.3886225000000003,8.9,True,,12.0,8.94427190999916,12.0,7282.0,1.79,13.4,12.0,6.0,0.6301344087656159,0.5487140823590261,0.7839863479275059,0.639276875262051,0.9975273768433653,1.0,0.6316963558029359,1.0,castability,aggregate bridging / starved mould feature (defective casting),23.625,98.5484712562236,23.625,drainage,0.3052318540075335,1.0,12.0,250.0,True,12.0,0.0,0.0,,,52.6,81.7,78.4,3.0,0.1,13.4,25.4,,,,,,,shell,geometry+score,731.1122093066541,max(score);min(volume_mm3);max(cavity_volume_mm3),105,1312
shell_188,2.0,28.0,90.0,1693,7,0,0,True,,,28d/90%RH,True,,,,6.3,,True,0.0,1017670.9926404884,1028024.0,183996.755852499,261912.0,0.25477226212617604,13.2664991614216,7.40714914631915,3.703574573159575,6.0,6.6332495807108,1727464.0,2.0,peterson_shoulder,0.9829575000000002,6.3,True,,12.0,8.0,12.0,15109.0,1.79,12.3,12.0,6.0,0.6301344087656159,0.5487140823590261,0.7839863479275059,0.639276875262051,0.9975273768433653,1.0,0.6316963558029359,1.0,castability,aggregate bridging / starved mould feature (defective casting),20.999999999999996,98.5484712562236,20.999999999999996,drainage,0.31586902765289526,1.0,12.0,250.0,True,12.0,0.0,0.0,,,84.9,59.7,117.4,3.0,0.2,12.3,24.2,,,,,,,shell,geometry+score,1017.6709926404884,max(score);min(volume_mm3);max(cavity_volume_mm3),105,1312
shell_188,2.0,21.0,85.0,1694,7,0,0,True,,,21d/85%RH,True,,,,6.3,,True,0.0,1017670.9926404884,1028024.0,183996.755852499,261912.0,0.25477226212617604,13.2664991614216,7.40714914631915,3.703574573159575,6.0,6.6332495807108,1727464.0,2.0,peterson_shoulder,0.9829575000000002,6.3,True,,12.0,8.0,12.0,15109.0,1.79,12.3,12.0,6.0,0.6301344087656159,0.5487140823590261,0.7839863479275059,0.639276875262051,0.9975273768433653,1.0,0.6316963558029359,1.0,castability,aggregate bridging / starved mould feature (defective casting),23.625,98.5484712562236,23.625,drainage,0.28077246902479575,1.0,12.0,250.0,True,12.0,0.0,0.0,,,84.9,59.7,117.4,3.0,0.2,12.3,24.2,,,,,,,shell,geometry+score,1017.6709926404884,max(score);min(volume_mm3);max(cavity_volume_mm3),105,1312
shell_203,2.0,28.0,90.0,1828,7,0,0,True,,,28d/90%RH,True,,,,12.4,,True,0.0,1396443.1465389598,1402840.0,239943.90107466103,329556.0,0.23492058966097346,14.422205101855956,7.6365180409111035,3.8182590204555518,6.324555320336759,7.211102550927978,2479800.0,2.0,peterson_shoulder,1.9347100000000004,12.4,True,,12.0,11.313708498984761,12.0,20561.0,1.79,12.8,12.0,6.0,0.6301344087656159,0.5487140823590261,0.7839863479275059,0.639276875262051,0.9975273768433653,1.0,0.6316963558029359,1.0,castability,aggregate bridging / starved mould feature (defective casting),20.999999999999996,98.5484712562236,20.999999999999996,drainage,0.3433858357584752,1.0,12.0,250.0,True,12.0,0.0,0.0,,,79.4,89.8,133.0,3.7,0.4,12.8,15.6,,,,,,,shell,geometry+score,1396.4431465389598,max(score);min(volume_mm3);max(cavity_volume_mm3),105,1312
shell_203,2.0,21.0,85.0,1829,7,0,0,True,,,21d/85%RH,True,,,,12.4,,True,0.0,1396443.1465389598,1402840.0,239943.90107466103,329556.0,0.23492058966097346,14.422205101855956,7.6365180409111035,3.8182590204555518,6.324555320336759,7.211102550927978,2479800.0,2.0,peterson_shoulder,1.9347100000000004,12.4,True,,12.0,11.313708498984761,12.0,20561.0,1.79,12.8,12.0,6.0,0.6301344087656159,0.5487140823590261,0.7839863479275059,0.639276875262051,0.9975273768433653,1.0,0.6316963558029359,1.0,castability,aggregate bridging / starved mould feature (defective casting),23.625,98.5484712562236,23.625,drainage,0.3052318540075335,1.0,12.0,250.0,True,12.0,0.0,0.0,,,79.4,89.8,133.0,3.7,0.4,12.8,15.6,,,,,,,shell,geometry+score,1396.4431465389598,max(score);min(volume_mm3);max(cavity_volume_mm3),105,1312
shell_230,2.0,21.0,85.0,2072,7,0,0,True,,,21d/85%RH,True,,,,11.3,,True,0.0,691299.9614826977,690888.0,108072.38591839751,169332.0,0.24509327126828082,16.492422502470642,8.22334410386614,4.11167205193307,7.211102550927978,8.246211251235321,767496.0,2.0,peterson_shoulder,1.7630825000000003,11.3,True,,12.0,8.0,16.0,4818.0,1.79,15.2,12.0,6.0,0.6301344087656159,0.5487140823590261,0.7839863479275059,0.639276875262051,0.9975273768433653,1.0,0.6316963558029359,1.0,castability,aggregate bridging / starved mould feature (defective casting),23.625,98.5484712562236,23.625,drainage,0.34904597888826755,1.0,12.0,250.0,True,12.0,0.0,0.0,,,63.1,60.8,114.1,2.2,0.3,15.2,24.7,,,,,,,shell,geometry+score,691.2999614826978,max(score);min(volume_mm3);max(cavity_volume_mm3),105,1312
shell_132,2.0,21.0,85.0,1190,7,0,0,True,,,21d/85%RH,True,,,,14.4,,True,0.0,526805.2405927161,531024.0,74780.99439098891,128228.0,0.24147307842960017,24.0,9.437156740784427,4.718578370392214,9.797958971132712,12.0,592864.0,2.0,peterson_shoulder,2.2467600000000005,14.4,True,,12.0,8.0,16.0,1983.0,1.79,22.7,12.0,6.0,0.6283983684963879,0.5446721527978154,0.7828502671933223,0.6327442836864823,0.9975273768433653,1.0,0.6316963558029359,1.0,castability,aggregate bridging / starved mould feature (defective casting),23.625,98.5484712562236,23.625,drainage,0.5079365079365079,1.0,12.0,250.0,True,12.0,0.0,0.0,,,80.7,49.0,104.7,2.0,0.4,22.7,28.8,,,,,,,shell,geometry+score,526.8052405927161,max(score);min(volume_mm3);max(cavity_volume_mm3),105,1312
shell_174,2.0,28.0,90.0,1567,7,0,0,True,,,28d/90%RH,True,,,,7.2,,True,0.0,685080.6698268519,669592.0,126976.25562285827,173868.0,0.25966260050896667,13.2664991614216,7.144214148213818,3.572107074106909,6.0,6.6332495807108,848352.0,2.0,peterson_shoulder,1.1233800000000003,7.2,True,,12.0,11.313708498984761,12.0,9900.0,1.79,11.9,11.9,5.95,0.6179511620850685,0.5381565160421391,0.7687312138271318,0.6269110853651516,0.9975273768433653,1.0,0.6194829098731602,1.0,castability,aggregate bridging / starved mould feature (defective casting),20.999999999999996,98.5484712562236,20.999999999999996,drainage,0.31586902765289526,1.0,11.9,250.0,True,12.0,0.0,0.0,,,58.4,53.9,103.1,3.9,0.3,11.9,7.8,,,,,,,shell,geometry+score,685.0806698268519,max(score);min(volume_mm3);max(cavity_volume_mm3),105,1312
shell_174,2.0,21.0,85.0,1568,7,0,0,True,,,21d/85%RH,True,,,,7.2,,True,0.0,685080.6698268519,669592.0,126976.25562285827,173868.0,0.25966260050896667,13.2664991614216,7.144214148213818,3.572107074106909,6.0,6.6332495807108,848352.0,2.0,peterson_shoulder,1.1233800000000003,7.2,True,,12.0,11.313708498984761,12.0,9900.0,1.79,11.9,11.9,5.95,0.6179511620850685,0.5381565160421391,0.7687312138271318,0.6269110853651516,0.9975273768433653,1.0,0.6194829098731602,1.0,castability,aggregate bridging / starved mould feature (defective casting),23.625,98.5484712562236,23.625,drainage,0.28077246902479575,1.0,11.9,250.0,True,12.0,0.0,0.0,,,58.4,53.9,103.1,3.9,0.3,11.9,7.8,,,,,,,shell,geometry+score,685.0806698268519,max(score);min(volume_mm3);max(cavity_volume_mm3),105,1312
shell_031,2.0,28.0,90.0,280,7,0,0,True,,,28d/90%RH,True,,,,11.2,,True,0.0,909412.450673686,916792.0,161732.15227928117,246380.0,0.2687414375343589,13.2664991614216,7.420085397279054,3.710042698639527,6.0,6.6332495807108,1473416.0,2.0,peterson_shoulder,1.7474800000000001,11.2,True,,11.313708498984761,11.313708498984761,12.649110640673518,8856.0,1.79,12.4,11.313708498984761,5.656854249492381,0.5473704178433831,0.47699376463724524,0.6803542198662135,0.5552728203817285,0.9975273768433653,1.0,0.5487272134580552,1.0,castability,aggregate bridging / starved mould feature (defective casting),20.999999999999996,98.5484712562236,20.999999999999996,drainage,0.31586902765289526,1.0,11.313708498984761,250.0,True,12.0,0.0,0.0,,,73.3,78.4,104.1,2.4,0.2,12.4,10.0,,,,,,,shell,geometry+score,909.412450673686,max(score);min(volume_mm3);max(cavity_volume_mm3),105,1312
shell_031,2.0,21.0,85.0,281,7,0,0,True,,,21d/85%RH,True,,,,11.2,,True,0.0,909412.450673686,916792.0,161732.15227928117,246380.0,0.2687414375343589,13.2664991614216,7.420085397279054,3.710042698639527,6.0,6.6332495807108,1473416.0,2.0,peterson_shoulder,1.7474800000000001,11.2,True,,11.313708498984761,11.313708498984761,12.649110640673518,8856.0,1.79,12.4,11.313708498984761,5.656854249492381,0.5473704178433831,0.47699376463724524,0.6803542198662135,0.5552728203817285,0.9975273768433653,1.0,0.5487272134580552,1.0,castability,aggregate bridging / starved mould feature (defective casting),23.625,98.5484712562236,23.625,drainage,0.28077246902479575,1.0,11.313708498984761,250.0,True,12.0,0.0,0.0,,,73.3,78.4,104.1,2.4,0.2,12.4,10.0,,,,,,,shell,geometry+score,909.412450673686,max(score);min(volume_mm3);max(cavity_volume_mm3),105,1312
shell_083,2.0,28.0,90.0,748,7,0,1,True,,fillet_fits_wall,28d/90%RH,True,,,,13.1,,True,0.0,675569.9100709263,682080.0,126305.63505807988,199292.0,0.2921827351630307,13.2664991614216,7.1648005111397985,3.5824002555698993,6.0,6.6332495807108,1106256.0,2.0,peterson_shoulder,2.0439275,13.1,True,,11.313708498984761,8.94427190999916,12.0,8892.0,1.79,12.0,11.313708498984761,5.656854249492381,0.5473704178433831,0.47699376463724524,0.6803542198662135,0.5552728203817285,0.9975273768433653,1.0,0.5487272134580552,1.0,castability,aggregate bridging / starved mould feature (defective casting),20.999999999999996,98.5484712562236,20.999999999999996,drainage,0.31586902765289526,1.0,11.313708498984761,250.0,True,12.0,0.0,1.0,,fillet_fits_wall,86.9,74.2,73.1,2.6,0.3,12.0,18.8,,,,,,,shell,geometry+score,675.5699100709263,max(score);min(volume_mm3);max(cavity_volume_mm3),105,1312
shell_083,2.0,21.0,85.0,749,7,0,1,True,,fillet_fits_wall,21d/85%RH,True,,,,13.1,,True,0.0,675569.9100709263,682080.0,126305.63505807988,199292.0,0.2921827351630307,13.2664991614216,7.1648005111397985,3.5824002555698993,6.0,6.6332495807108,1106256.0,2.0,peterson_shoulder,2.0439275,13.1,True,,11.313708498984761,8.94427190999916,12.0,8892.0,1.79,12.0,11.313708498984761,5.656854249492381,0.5473704178433831,0.47699376463724524,0.6803542198662135,0.5552728203817285,0.9975273768433653,1.0,0.5487272134580552,1.0,castability,aggregate bridging / starved mould feature (defective casting),23.625,98.5484712562236,23.625,drainage,0.28077246902479575,1.0,11.313708498984761,250.0,True,12.0,0.0,1.0,,fillet_fits_wall,86.9,74.2,73.1,2.6,0.3,12.0,18.8,,,,,,,shell,geometry+score,675.5699100709263,max(score);min(volume_mm3);max(cavity_volume_mm3),105,1312
shell_122,2.0,28.0,90.0,1099,7,0,0,True,,,28d/90%RH,True,,,,8.2,,True,0.0,590504.1850569547,585888.0,118533.2165347594,173360.0,0.2958927303511934,12.0,6.840965755221733,3.4204828776108664,6.0,6.0,750720.0,2.0,peterson_shoulder,1.2794050000000001,8.2,True,,11.313708498984761,5.656854249492381,12.0,8070.0,1.79,11.4,11.313708498984761,5.656854249492381,0.5473704178433831,0.47699376463724524,0.6803542198662135,0.5552728203817285,0.9975273768433653,1.0,0.5487272134580552,1.0,castability,aggregate bridging / starved mould feature (defective casting),20.999999999999996,98.5484712562236,20.999999999999996,drainage,0.28571428571428575,1.0,11.313708498984761,250.0,True,12.0,0.0,0.0,,,52.0,64.3,134.6,2.2,0.4,11.4,17.2,,,,,,,shell,geometry+score,590.5041850569547,max(score);min(volume_mm3);max(cavity_volume_mm3),105,1312
shell_122,2.0,21.0,85.0,1100,7,0,0,True,,,21d/85%RH,True,,,,8.2,,True,0.0,590504.1850569547,585888.0,118533.2165347594,173360.0,0.2958927303511934,12.0,6.840965755221733,3.4204828776108664,6.0,6.0,750720.0,2.0,peterson_shoulder,1.2794050000000001,8.2,True,,11.313708498984761,5.656854249492381,12.0,8070.0,1.79,11.4,11.313708498984761,5.656854249492381,0.5473704178433831,0.47699376463724524,0.6803542198662135,0.5552728203817285,0.9975273768433653,1.0,0.5487272134580552,1.0,castability,aggregate bridging / starved mould feature (defective casting),23.625,98.5484712562236,23.625,drainage,0.25396825396825395,1.0,11.313708498984761,250.0,True,12.0,0.0,0.0,,,52.0,64.3,134.6,2.2,0.4,11.4,17.2,,,,,,,shell,geometry+score,590.5041850569547,max(score);min(volume_mm3);max(cavity_volume_mm3),105,1312
shell_214,2.0,28.0,90.0,1927,7,0,1,True,,fillet_fits_wall,28d/90%RH,True,,,,15.2,,True,0.0,473330.07866712706,469824.0,80943.20441455426,128980.0,0.27452833401443943,14.966629547095765,7.585376581430974,3.792688290715487,6.324555320336759,7.483314773547883,490112.0,2.0,peterson_shoulder,2.3715800000000002,15.2,True,,11.313708498984761,8.0,14.422205101855956,2845.0,1.79,13.9,11.313708498984761,5.656854249492381,0.5473704178433831,0.47699376463724524,0.6803542198662135,0.5552728203817285,0.9975273768433653,1.0,0.5487272134580552,1.0,castability,aggregate bridging / starved mould feature (defective casting),20.999999999999996,98.5484712562236,20.999999999999996,drainage,0.35634832254989923,1.0,11.313708498984761,250.0,True,12.0,0.0,1.0,,fillet_fits_wall,61.2,55.5,91.6,2.3,0.4,13.9,17.3,,,,,,,shell,geometry+score,473.33007866712705,max(score);min(volume_mm3);max(cavity_volume_mm3),105,1312
shell_214,2.0,21.0,85.0,1928,7,0,1,True,,fillet_fits_wall,21d/85%RH,True,,,,15.2,,True,0.0,473330.07866712706,469824.0,80943.20441455426,128980.0,0.27452833401443943,14.966629547095765,7.585376581430974,3.792688290715487,6.324555320336759,7.483314773547883,490112.0,2.0,peterson_shoulder,2.3715800000000002,15.2,True,,11.313708498984761,8.0,14.422205101855956,2845.0,1.79,13.9,11.313708498984761,5.656854249492381,0.5473704178433831,0.47699376463724524,0.6803542198662135,0.5552728203817285,0.9975273768433653,1.0,0.5487272134580552,1.0,castability,aggregate bridging / starved mould feature (defective casting),23.625,98.5484712562236,23.625,drainage,0.3167540644887993,1.0,11.313708498984761,250.0,True,12.0,0.0,1.0,,fillet_fits_wall,61.2,55.5,91.6,2.3,0.4,13.9,17.3,,,,,,,shell,geometry+score,473.33007866712705,max(score);min(volume_mm3);max(cavity_volume_mm3),105,1312
shell_240,2.0,28.0,90.0,2161,7,0,0,True,,,28d/90%RH,True,,,,8.1,,True,0.0,450871.82059878926,452320.0,82847.16318171404,134900.0,0.29824018394057306,13.856406460551018,7.143912260480879,3.5719561302404395,6.0,6.928203230275509,449992.0,2.0,peterson_shoulder,1.2638025000000002,8.1,True,,11.313708498984761,11.313708498984761,12.0,5948.0,1.79,12.1,11.313708498984761,5.656854249492381,0.5473704178433831,0.47699376463724524,0.6803542198662135,0.5552728203817285,0.9975273768433653,1.0,0.5487272134580552,1.0,castability,aggregate bridging / starved mould feature (defective casting),20.999999999999996,98.5484712562236,20.999999999999996,drainage,0.32991443953692906,1.0,11.313708498984761,250.0,True,12.0,0.0,0.0,,,77.3,42.8,66.0,2.2,0.1,12.1,6.9,,,,,,,shell,geometry+score,450.87182059878927,max(score);min(volume_mm3);max(cavity_volume_mm3),105,1312
shell_240,2.0,21.0,85.0,2162,7,0,0,True,,,21d/85%RH,True,,,,8.1,,True,0.0,450871.82059878926,452320.0,82847.16318171404,134900.0,0.29824018394057306,13.856406460551018,7.143912260480879,3.5719561302404395,6.0,6.928203230275509,449992.0,2.0,peterson_shoulder,1.2638025000000002,8.1,True,,11.313708498984761,11.313708498984761,12.0,5948.0,1.79,12.1,11.313708498984761,5.656854249492381,0.5473704178433831,0.47699376463724524,0.6803542198662135,0.5552728203817285,0.9975273768433653,1.0,0.5487272134580552,1.0,castability,aggregate bridging / starved mould feature (defective casting),23.625,98.5484712562236,23.625,drainage,0.2932572795883813,1.0,11.313708498984761,250.0,True,12.0,0.0,0.0,,,77.3,42.8,66.0,2.2,0.1,12.1,6.9,,,,,,,shell,geometry+score,450.87182059878927,max(score);min(volume_mm3);max(cavity_volume_mm3),105,1312
shell_054,2.0,28.0,90.0,487,7,0,0,True,,,28d/90%RH,True,,,,6.4,,True,0.0,434878.7885395458,433024.0,87053.65166411755,127632.0,0.2947457877623411,12.0,6.817965694659054,3.408982847329527,6.0,6.0,491832.0,2.0,peterson_shoulder,0.9985600000000002,6.4,True,,11.313708498984761,8.94427190999916,12.0,5845.0,1.79,11.2,11.2,5.6,0.5338560037630766,0.46528265620877385,0.6634322774243654,0.5415559180256763,0.9975273768433653,1.0,0.5351793004944307,1.0,castability,aggregate bridging / starved mould feature (defective casting),20.999999999999996,98.5484712562236,20.999999999999996,drainage,0.28571428571428575,1.0,11.2,250.0,True,12.0,0.0,0.0,,,60.2,44.5,83.2,3.0,0.3,11.2,12.1,,,,,,,shell,geometry+score,434.8787885395458,max(score);min(volume_mm3);max(cavity_volume_mm3),105,1312
shell_054,2.0,21.0,85.0,488,7,0,0,True,,,21d/85%RH,True,,,,6.4,,True,0.0,434878.7885395458,433024.0,87053.65166411755,127632.0,0.2947457877623411,12.0,6.817965694659054,3.408982847329527,6.0,6.0,491832.0,2.0,peterson_shoulder,0.9985600000000002,6.4,True,,11.313708498984761,8.94427190999916,12.0,5845.0,1.79,11.2,11.2,5.6,0.5338560037630766,0.46528265620877385,0.6634322774243654,0.5415559180256763,0.9975273768433653,1.0,0.5351793004944307,1.0,castability,aggregate bridging / starved mould feature (defective casting),23.625,98.5484712562236,23.625,drainage,0.25396825396825395,1.0,11.2,250.0,True,12.0,0.0,0.0,,,60.2,44.5,83.2,3.0,0.3,11.2,12.1,,,,,,,shell,geometry+score,434.8787885395458,max(score);min(volume_mm3);max(cavity_volume_mm3),105,1312
shell_016,2.0,28.0,90.0,145,7,0,1,True,,fillet_fits_wall,28d/90%RH,True,,,,14.3,,True,0.0,553095.453902878,559336.0,114946.02647305756,176936.0,0.31633222249238385,12.0,6.723507413250502,3.361753706625251,6.0,6.0,1038080.0,2.0,peterson_shoulder,2.2311575000000006,14.3,True,,11.313708498984761,8.0,12.0,6960.0,1.79,11.0,11.0,5.5,0.5102294684203161,0.44480874475808196,0.6338485404754518,0.5175753831402812,0.9975273768433653,1.0,0.5114942008257624,1.0,castability,aggregate bridging / starved mould feature (defective casting),20.999999999999996,98.5484712562236,20.999999999999996,drainage,0.28571428571428575,1.0,11.0,250.0,True,12.0,0.0,1.0,,fillet_fits_wall,75.2,56.8,79.4,2.6,0.1,11.0,24.3,,,,,,,shell,geometry+score,553.095453902878,max(score);min(volume_mm3);max(cavity_volume_mm3),105,1312
shell_016,2.0,21.0,85.0,146,7,0,1,True,,fillet_fits_wall,21d/85%RH,True,,,,14.3,,True,0.0,553095.453902878,559336.0,114946.02647305756,176936.0,0.31633222249238385,12.0,6.723507413250502,3.361753706625251,6.0,6.0,1038080.0,2.0,peterson_shoulder,2.2311575000000006,14.3,True,,11.313708498984761,8.0,12.0,6960.0,1.79,11.0,11.0,5.5,0.5102294684203161,0.44480874475808196,0.6338485404754518,0.5175753831402812,0.9975273768433653,1.0,0.5114942008257624,1.0,castability,aggregate bridging / starved mould feature (defective casting),23.625,98.5484712562236,23.625,drainage,0.25396825396825395,1.0,11.0,250.0,True,12.0,0.0,1.0,,fillet_fits_wall,75.2,56.8,79.4,2.6,0.1,11.0,24.3,,,,,,,shell,geometry+score,553.095453902878,max(score);min(volume_mm3);max(cavity_volume_mm3),105,1312
shell_255,2.0,28.0,90.0,2296,7,0,0,True,,,28d/90%RH,True,,,,9.8,,True,0.0,704254.8986730119,702816.0,147928.7279623088,214044.0,0.30455197377407456,12.0,6.637950276516221,3.3189751382581103,5.656854249492381,6.0,1289728.0,2.0,peterson_shoulder,1.5290450000000004,9.8,True,,11.313708498984761,6.928203230275509,12.0,7613.0,1.79,10.7,10.7,5.35,0.4751446701124204,0.41440551197764175,0.5899174507499106,0.48196490460148217,0.9975273768433653,1.0,0.4763224359976929,1.0,castability,aggregate bridging / starved mould feature (defective casting),20.999999999999996,98.5484712562236,20.999999999999996,drainage,0.28571428571428575,1.0,10.7,250.0,True,12.0,0.0,0.0,,,71.6,70.5,111.1,2.8,0.4,10.7,18.9,,,,,,,shell,geometry+score,704.2548986730119,max(score);min(volume_mm3);max(cavity_volume_mm3),105,1312
shell_255,2.0,21.0,85.0,2297,7,0,0,True,,,21d/85%RH,True,,,,9.8,,True,0.0,704254.8986730119,702816.0,147928.7279623088,214044.0,0.30455197377407456,12.0,6.637950276516221,3.3189751382581103,5.656854249492381,6.0,1289728.0,2.0,peterson_shoulder,1.5290450000000004,9.8,True,,11.313708498984761,6.928203230275509,12.0,7613.0,1.79,10.7,10.7,5.35,0.4751446701124204,0.41440551197764175,0.5899174507499106,0.48196490460148217,0.9975273768433653,1.0,0.4763224359976929,1.0,castability,aggregate bridging / starved mould feature (defective casting),23.625,98.5484712562236,23.625,drainage,0.25396825396825395,1.0,10.7,250.0,True,12.0,0.0,0.0,,,71.6,70.5,111.1,2.8,0.4,10.7,18.9,,,,,,,shell,geometry+score,704.2548986730119,max(score);min(volume_mm3);max(cavity_volume_mm3),105,1312
shell_092,2.0,28.0,90.0,829,7,0,1,True,,fillet_fits_wall,28d/90%RH,True,,,,14.9,,True,0.0,804005.6880591583,806408.0,168503.9084967352,249656.0,0.309590182637077,12.0,6.630455368794442,3.315227684397221,5.656854249492381,6.0,1502648.0,2.0,peterson_shoulder,2.3247725000000004,14.9,True,,11.313708498984761,8.94427190999916,11.313708498984761,8260.0,1.79,10.6,10.6,5.3,0.4635475617846715,0.4043558722170169,0.5753962440998927,0.4701940352468053,0.9975273768433653,1.0,0.4646965813124335,1.0,castability,aggregate bridging / starved mould feature (defective casting),20.999999999999996,98.5484712562236,20.999999999999996,drainage,0.28571428571428575,1.0,10.6,250.0,True,12.0,0.0,1.0,,fillet_fits_wall,86.6,52.0,107.8,2.3,0.0,10.6,6.8,,,,,,,shell,geometry+score,804.0056880591583,max(score);min(volume_mm3);max(cavity_volume_mm3),105,1312
shell_092,2.0,21.0,85.0,830,7,0,1,True,,fillet_fits_wall,21d/85%RH,True,,,,14.9,,True,0.0,804005.6880591583,806408.0,168503.9084967352,249656.0,0.309590182637077,12.0,6.630455368794442,3.315227684397221,5.656854249492381,6.0,1502648.0,2.0,peterson_shoulder,2.3247725000000004,14.9,True,,11.313708498984761,8.94427190999916,11.313708498984761,8260.0,1.79,10.6,10.6,5.3,0.4635475617846715,0.4043558722170169,0.5753962440998927,0.4701940352468053,0.9975273768433653,1.0,0.4646965813124335,1.0,castability,aggregate bridging / starved mould feature (defective casting),23.625,98.5484712562236,23.625,drainage,0.25396825396825395,1.0,10.6,250.0,True,12.0,0.0,1.0,,fillet_fits_wall,86.6,52.0,107.8,2.3,0.0,10.6,6.8,,,,,,,shell,geometry+score,804.0056880591583,max(score);min(volume_mm3);max(cavity_volume_mm3),105,1312
shell_103,2.0,28.0,90.0,928,7,0,1,True,,fillet_fits_wall,28d/90%RH,True,,,,10.6,,True,0.0,724911.6458278155,737800.0,154362.54862018893,216936.0,0.2940309026836541,12.0,6.672991833099131,3.3364959165495653,6.0,6.0,1361432.0,2.0,peterson_shoulder,1.6538650000000001,10.6,True,,11.313708498984761,8.94427190999916,12.0,8360.0,1.79,10.5,10.5,5.25,0.45200076977168957,0.39434983477717755,0.5609380405351223,0.458474236102977,0.9975273768433653,1.0,0.453121167663616,1.0,castability,aggregate bridging / starved mould feature (defective casting),20.999999999999996,98.5484712562236,20.999999999999996,drainage,0.28571428571428575,1.0,10.5,250.0,True,12.0,0.0,1.0,,fillet_fits_wall,69.7,79.8,91.2,3.8,0.4,10.5,15.5,,,,,,,shell,geometry+score,724.9116458278155,max(score);min(volume_mm3);max(cavity_volume_mm3),105,1312
shell_103,2.0,21.0,85.0,929,7,0,1,True,,fillet_fits_wall,21d/85%RH,True,,,,10.6,,True,0.0,724911.6458278155,737800.0,154362.54862018893,216936.0,0.2940309026836541,12.0,6.672991833099131,3.3364959165495653,6.0,6.0,1361432.0,2.0,peterson_shoulder,1.6538650000000001,10.6,True,,11.313708498984761,8.94427190999916,12.0,8360.0,1.79,10.5,10.5,5.25,0.45200076977168957,0.39434983477717755,0.5609380405351223,0.458474236102977,0.9975273768433653,1.0,0.453121167663616,1.0,castability,aggregate bridging / starved mould feature (defective casting),23.625,98.5484712562236,23.625,drainage,0.25396825396825395,1.0,10.5,250.0,True,12.0,0.0,1.0,,fillet_fits_wall,69.7,79.8,91.2,3.8,0.4,10.5,15.5,,,,,,,shell,geometry+score,724.9116458278155,max(score);min(volume_mm3);max(cavity_volume_mm3),105,1312
shell_043,2.0,28.0,90.0,388,7,0,0,True,,,28d/90%RH,True,,,,8.8,,True,0.0,954660.0952121586,974072.0,210452.30877960272,292420.0,0.30020368104205847,12.0,6.529022316344418,3.264511158172209,5.656854249492381,6.0,2233864.0,2.0,peterson_shoulder,1.3730200000000004,8.8,True,,9.797958971132712,8.0,11.313708498984761,10872.0,1.79,10.1,9.797958971132712,4.898979485566356,0.3724346535881536,0.3254006810572547,0.46131010029454483,0.37771597014675673,0.9975273768433653,1.0,0.37335782679640117,1.0,castability,aggregate bridging / starved mould feature (defective casting),20.999999999999996,98.5484712562236,20.999999999999996,drainage,0.28571428571428575,1.0,9.797958971132712,250.0,True,12.0,0.0,0.0,,,78.0,72.7,122.2,3.0,0.2,10.1,13.2,,,,,,,shell,geometry+score,954.6600952121586,max(score);min(volume_mm3);max(cavity_volume_mm3),105,1312
shell_043,2.0,21.0,85.0,389,7,0,0,True,,,21d/85%RH,True,,,,8.8,,True,0.0,954660.0952121586,974072.0,210452.30877960272,292420.0,0.30020368104205847,12.0,6.529022316344418,3.264511158172209,5.656854249492381,6.0,2233864.0,2.0,peterson_shoulder,1.3730200000000004,8.8,True,,9.797958971132712,8.0,11.313708498984761,10872.0,1.79,10.1,9.797958971132712,4.898979485566356,0.3724346535881536,0.3254006810572547,0.46131010029454483,0.37771597014675673,0.9975273768433653,1.0,0.37335782679640117,1.0,castability,aggregate bridging / starved mould feature (defective casting),23.625,98.5484712562236,23.625,drainage,0.25396825396825395,1.0,9.797958971132712,250.0,True,12.0,0.0,0.0,,,78.0,72.7,122.2,3.0,0.2,10.1,13.2,,,,,,,shell,geometry+score,954.6600952121586,max(score);min(volume_mm3);max(cavity_volume_mm3),105,1312
shell_027,2.0,28.0,90.0,244,7,0,0,True,,,28d/90%RH,True,,,,7.4,,True,0.0,463553.7736069942,466368.0,118192.65433379314,169644.0,0.3637556607657472,9.797958971132712,5.8041130275539645,2.9020565137769823,4.47213595499958,4.898979485566356,929288.0,2.0,peterson_shoulder,1.1545850000000002,7.4,True,,8.0,8.0,8.94427190999916,9768.0,1.79,8.8,8.0,4.0,0.18322386277808514,0.16143736945186724,0.2243916447523037,0.18567020872264808,0.9975273768433653,1.0,0.18367802932676353,1.0,castability,aggregate bridging / starved mould feature (defective casting),20.999999999999996,98.5484712562236,20.999999999999996,drainage,0.23328473740792174,1.0,8.0,250.0,True,12.0,0.0,0.0,,,82.3,65.5,64.7,3.5,0.4,8.8,5.6,,,,,,,shell,geometry+score,463.5537736069942,max(score);min(volume_mm3);max(cavity_volume_mm3),105,1312
shell_027,2.0,21.0,85.0,245,7,0,0,True,,,21d/85%RH,True,,,,7.4,,True,0.0,463553.7736069942,466368.0,118192.65433379314,169644.0,0.3637556607657472,9.797958971132712,5.8041130275539645,2.9020565137769823,4.47213595499958,4.898979485566356,929288.0,2.0,peterson_shoulder,1.1545850000000002,7.4,True,,8.0,8.0,8.94427190999916,9768.0,1.79,8.8,8.0,4.0,0.18322386277808514,0.16143736945186724,0.2243916447523037,0.18567020872264808,0.9975273768433653,1.0,0.18367802932676353,1.0,castability,aggregate bridging / starved mould feature (defective casting),23.625,98.5484712562236,23.625,drainage,0.20736421102926372,1.0,8.0,250.0,True,12.0,0.0,0.0,,,82.3,65.5,64.7,3.5,0.4,8.8,5.6,,,,,,,shell,geometry+score,463.5537736069942,max(score);min(volume_mm3);max(cavity_volume_mm3),105,1312
shell_032,2.0,28.0,90.0,289,7,0,1,True,,fillet_fits_wall,28d/90%RH,True,,,,13.2,,True,0.0,772991.024149225,782040.0,216810.24010871115,293776.0,0.37565341926244183,8.94427190999916,5.584995245892216,2.792497622946108,4.0,4.47213595499958,2402352.0,2.0,peterson_shoulder,2.05953,13.2,True,,8.0,5.656854249492381,8.0,26598.0,1.79,8.1,8.0,4.0,0.18322386277808514,0.16143736945186724,0.2243916447523037,0.18567020872264808,0.9975273768433653,1.0,0.18367802932676353,1.0,castability,aggregate bridging / starved mould feature (defective casting),20.999999999999996,98.5484712562236,20.999999999999996,drainage,0.21295885499998002,1.0,8.0,250.0,True,12.0,0.0,1.0,,fillet_fits_wall,74.1,62.5,136.3,2.9,0.1,8.1,16.7,,,,,,,shell,geometry+score,772.9910241492249,max(score);min(volume_mm3);max(cavity_volume_mm3),105,1312
shell_032,2.0,21.0,85.0,290,7,0,1,True,,fillet_fits_wall,21d/85%RH,True,,,,13.2,,True,0.0,772991.024149225,782040.0,216810.24010871115,293776.0,0.37565341926244183,8.94427190999916,5.584995245892216,2.792497622946108,4.0,4.47213595499958,2402352.0,2.0,peterson_shoulder,2.05953,13.2,True,,8.0,5.656854249492381,8.0,26598.0,1.79,8.1,8.0,4.0,0.18322386277808514,0.16143736945186724,0.2243916447523037,0.18567020872264808,0.9975273768433653,1.0,0.18367802932676353,1.0,castability,aggregate bridging / starved mould feature (defective casting),23.625,98.5484712562236,23.625,drainage,0.18929675999998222,1.0,8.0,250.0,True,12.0,0.0,1.0,,fillet_fits_wall,74.1,62.5,136.3,2.9,0.1,8.1,16.7,,,,,,,shell,geometry+score,772.9910241492249,max(score);min(volume_mm3);max(cavity_volume_mm3),105,1312
shell_034,2.0,28.0,90.0,307,7,0,0,True,,,28d/90%RH,True,,,,7.5,,True,0.0,225220.11681957627,227168.0,52024.97487559958,78872.0,0.3471967882800394,14.422205101855956,6.482321249013064,3.241160624506532,6.0,7.211102550927978,335840.0,2.0,peterson_shoulder,1.2195520945558935,7.5,True,,8.0,5.656854249492381,12.0,3450.0,1.8064910314213936,35.9,8.0,4.0,0.18322386277808514,0.16143736945186724,0.2243916447523037,0.18567020872264808,0.9975273768433653,1.0,0.18367802932676353,1.0,castability,aggregate bridging / starved mould feature (defective casting),20.999999999999996,98.5484712562236,20.999999999999996,drainage,0.3433858357584752,1.0,8.0,250.0,True,12.0,0.0,0.0,,,40.3,41.5,105.4,2.1,0.3,35.9,23.7,,,,,,,shell,geometry+score,225.22011681957628,max(score);min(volume_mm3);max(cavity_volume_mm3),105,1312
shell_034,2.0,21.0,85.0,308,7,0,0,True,,,21d/85%RH,True,,,,7.5,,True,0.0,225220.11681957627,227168.0,52024.97487559958,78872.0,0.3471967882800394,14.422205101855956,6.482321249013064,3.241160624506532,6.0,7.211102550927978,335840.0,2.0,peterson_shoulder,1.2195520945558935,7.5,True,,8.0,5.656854249492381,12.0,3450.0,1.8064910314213936,35.9,8.0,4.0,0.18322386277808514,0.16143736945186724,0.2243916447523037,0.18567020872264808,0.9975273768433653,1.0,0.18367802932676353,1.0,castability,aggregate bridging / starved mould feature (defective casting),23.625,98.5484712562236,23.625,drainage,0.3052318540075335,1.0,8.0,250.0,True,12.0,0.0,0.0,,,40.3,41.5,105.4,2.1,0.3,35.9,23.7,,,,,,,shell,geometry+score,225.22011681957628,max(score);min(volume_mm3);max(cavity_volume_mm3),105,1312
shell_061,2.0,28.0,90.0,550,7,0,1,True,,fillet_fits_wall,28d/90%RH,True,,,,15.8,,True,0.0,583124.9776811693,592096.0,148167.28627812077,204440.0,0.3452818461871048,9.797958971132712,5.881710670096183,2.9408553350480915,4.47213595499958,4.898979485566356,1285984.0,2.0,peterson_shoulder,2.4651950000000005,15.8,True,,8.0,5.656854249492381,8.94427190999916,15026.0,1.79,9.0,8.0,4.0,0.18322386277808514,0.16143736945186724,0.2243916447523037,0.18567020872264808,0.9975273768433653,1.0,0.18367802932676353,1.0,castability,aggregate bridging / starved mould feature (defective casting),20.999999999999996,98.5484712562236,20.999999999999996,drainage,0.23328473740792174,1.0,8.0,250.0,True,12.0,0.0,1.0,,fillet_fits_wall,42.3,78.2,97.9,3.1,0.0,9.0,17.9,,,,,,,shell,geometry+score,583.1249776811693,max(score);min(volume_mm3);max(cavity_volume_mm3),105,1312
shell_061,2.0,21.0,85.0,551,7,0,1,True,,fillet_fits_wall,21d/85%RH,True,,,,15.8,,True,0.0,583124.9776811693,592096.0,148167.28627812077,204440.0,0.3452818461871048,9.797958971132712,5.881710670096183,2.9408553350480915,4.47213595499958,4.898979485566356,1285984.0,2.0,peterson_shoulder,2.4651950000000005,15.8,True,,8.0,5.656854249492381,8.94427190999916,15026.0,1.79,9.0,8.0,4.0,0.18322386277808514,0.16143736945186724,0.2243916447523037,0.18567020872264808,0.9975273768433653,1.0,0.18367802932676353,1.0,castability,aggregate bridging / starved mould feature (defective casting),23.625,98.5484712562236,23.625,drainage,0.20736421102926372,1.0,8.0,250.0,True,12.0,0.0,1.0,,fillet_fits_wall,42.3,78.2,97.9,3.1,0.0,9.0,17.9,,,,,,,shell,geometry+score,583.1249776811693,max(score);min(volume_mm3);max(cavity_volume_mm3),105,1312
shell_074,2.0,28.0,90.0,667,7,0,1,True,,fillet_fits_wall,28d/90%RH,True,,,,9.6,,True,0.0,264569.2312438871,263856.0,66841.87308448581,104748.0,0.39698926687283975,12.0,5.820281315206119,2.9101406576030593,4.47213595499958,6.0,503848.0,2.0,peterson_shoulder,1.4978400000000003,9.6,True,,8.0,5.656854249492381,8.94427190999916,3113.0,1.79,9.5,8.0,4.0,0.18322386277808514,0.16143736945186724,0.2243916447523037,0.18567020872264808,0.9975273768433653,1.0,0.18367802932676353,1.0,castability,aggregate bridging / starved mould feature (defective casting),20.999999999999996,98.5484712562236,20.999999999999996,drainage,0.28571428571428575,1.0,8.0,250.0,True,12.0,0.0,1.0,,fillet_fits_wall,47.8,57.5,72.3,2.3,0.2,9.5,24.8,,,,,,,shell,geometry+score,264.5692312438871,max(score);min(volume_mm3);max(cavity_volume_mm3),105,1312
shell_074,2.0,21.0,85.0,668,7,0,1,True,,fillet_fits_wall,21d/85%RH,True,,,,9.6,,True,0.0,264569.2312438871,263856.0,66841.87308448581,104748.0,0.39698926687283975,12.0,5.820281315206119,2.9101406576030593,4.47213595499958,6.0,503848.0,2.0,peterson_shoulder,1.4978400000000003,9.6,True,,8.0,5.656854249492381,8.94427190999916,3113.0,1.79,9.5,8.0,4.0,0.18322386277808514,0.16143736945186724,0.2243916447523037,0.18567020872264808,0.9975273768433653,1.0,0.18367802932676353,1.0,castability,aggregate bridging / starved mould feature (defective casting),23.625,98.5484712562236,23.625,drainage,0.25396825396825395,1.0,8.0,250.0,True,12.0,0.0,1.0,,fillet_fits_wall,47.8,57.5,72.3,2.3,0.2,9.5,24.8,,,,,,,shell,geometry+score,264.5692312438871,max(score);min(volume_mm3);max(cavity_volume_mm3),105,1312
shell_087,2.0,28.0,90.0,784,7,0,0,True,,,28d/90%RH,True,,,,6.7,,True,0.0,767388.0699157268,779288.0,199309.3148413765,267452.0,0.34320045990699205,9.797958971132712,5.833367201357115,2.9166836006785575,4.47213595499958,4.898979485566356,2124848.0,2.0,peterson_shoulder,1.0453675000000002,6.7,True,,8.0,5.656854249492381,8.0,20775.0,1.79,8.7,8.0,4.0,0.18322386277808514,0.16143736945186724,0.2243916447523037,0.18567020872264808,0.9975273768433653,1.0,0.18367802932676353,1.0,castability,aggregate bridging / starved mould feature (defective casting),20.999999999999996,98.5484712562236,20.999999999999996,drainage,0.23328473740792174,1.0,8.0,250.0,True,12.0,0.0,0.0,,,65.5,85.5,113.1,3.7,0.3,8.7,23.1,,,,,,,shell,geometry+score,767.3880699157268,max(score);min(volume_mm3);max(cavity_volume_mm3),105,1312
shell_087,2.0,21.0,85.0,785,7,0,0,True,,,21d/85%RH,True,,,,6.7,,True,0.0,767388.0699157268,779288.0,199309.3148413765,267452.0,0.34320045990699205,9.797958971132712,5.833367201357115,2.9166836006785575,4.47213595499958,4.898979485566356,2124848.0,2.0,peterson_shoulder,1.0453675000000002,6.7,True,,8.0,5.656854249492381,8.0,20775.0,1.79,8.7,8.0,4.0,0.18322386277808514,0.16143736945186724,0.2243916447523037,0.18567020872264808,0.9975273768433653,1.0,0.18367802932676353,1.0,castability,aggregate bridging / starved mould feature (defective casting),23.625,98.5484712562236,23.625,drainage,0.20736421102926372,1.0,8.0,250.0,True,12.0,0.0,0.0,,,65.5,85.5,113.1,3.7,0.3,8.7,23.1,,,,,,,shell,geometry+score,767.3880699157268,max(score);min(volume_mm3);max(cavity_volume_mm3),105,1312
shell_108,2.0,28.0,90.0,973,7,0,1,True,,fillet_fits_wall,28d/90%RH,True,,,,11.3,,True,0.0,405572.0147382499,417248.0,112117.05789153418,166928.0,0.40006902369813635,9.797958971132712,5.652518646973028,2.826259323486514,4.47213595499958,4.898979485566356,826752.0,2.0,peterson_shoulder,1.7630825000000003,11.3,True,,8.0,5.656854249492381,8.94427190999916,7674.0,1.79,8.3,8.0,4.0,0.18322386277808514,0.16143736945186724,0.2243916447523037,0.18567020872264808,0.9975273768433653,1.0,0.18367802932676353,1.0,castability,aggregate bridging / starved mould feature (defective casting),20.999999999999996,98.5484712562236,20.999999999999996,drainage,0.23328473740792174,1.0,8.0,250.0,True,12.0,0.0,1.0,,fillet_fits_wall,87.7,44.7,85.3,2.2,0.2,8.3,14.5,,,,,,,shell,geometry+score,405.5720147382499,max(score);min(volume_mm3);max(cavity_volume_mm3),105,1312
shell_108,2.0,21.0,85.0,974,7,0,1,True,,fillet_fits_wall,21d/85%RH,True,,,,11.3,,True,0.0,405572.0147382499,417248.0,112117.05789153418,166928.0,0.40006902369813635,9.797958971132712,5.652518646973028,2.826259323486514,4.47213595499958,4.898979485566356,826752.0,2.0,peterson_shoulder,1.7630825000000003,11.3,True,,8.0,5.656854249492381,8.94427190999916,7674.0,1.79,8.3,8.0,4.0,0.18322386277808514,0.16143736945186724,0.2243916447523037,0.18567020872264808,0.9975273768433653,1.0,0.18367802932676353,1.0,castability,aggregate bridging / starved mould feature (defective casting),23.625,98.5484712562236,23.625,drainage,0.20736421102926372,1.0,8.0,250.0,True,12.0,0.0,1.0,,fillet_fits_wall,87.7,44.7,85.3,2.2,0.2,8.3,14.5,,,,,,,shell,geometry+score,405.5720147382499,max(score);min(volume_mm3);max(cavity_volume_mm3),105,1312
shell_184,2.0,28.0,90.0,1657,7,0,1,True,,fillet_fits_wall,28d/90%RH,True,,,,12.3,,True,0.0,490611.7118014332,490352.0,125636.81484098778,171376.0,0.349495872352922,9.797958971132712,5.805522483883493,2.9027612419417466,4.47213595499958,4.898979485566356,1106080.0,2.0,peterson_shoulder,1.9191075000000004,12.3,True,,8.0,8.0,8.0,14587.0,1.79,8.9,8.0,4.0,0.18322386277808514,0.16143736945186724,0.2243916447523037,0.18567020872264808,0.9975273768433653,1.0,0.18367802932676353,1.0,castability,aggregate bridging / starved mould feature (defective casting),20.999999999999996,98.5484712562236,20.999999999999996,drainage,0.23328473740792174,1.0,8.0,250.0,True,12.0,0.0,1.0,,fillet_fits_wall,69.5,46.9,76.4,3.9,0.0,8.9,20.1,,,,,,,shell,geometry+score,490.61171180143316,max(score);min(volume_mm3);max(cavity_volume_mm3),105,1312
shell_184,2.0,21.0,85.0,1658,7,0,1,True,,fillet_fits_wall,21d/85%RH,True,,,,12.3,,True,0.0,490611.7118014332,490352.0,125636.81484098778,171376.0,0.349495872352922,9.797958971132712,5.805522483883493,2.9027612419417466,4.47213595499958,4.898979485566356,1106080.0,2.0,peterson_shoulder,1.9191075000000004,12.3,True,,8.0,8.0,8.0,14587.0,1.79,8.9,8.0,4.0,0.18322386277808514,0.16143736945186724,0.2243916447523037,0.18567020872264808,0.9975273768433653,1.0,0.18367802932676353,1.0,castability,aggregate bridging / starved mould feature (defective casting),23.625,98.5484712562236,23.625,drainage,0.20736421102926372,1.0,8.0,250.0,True,12.0,0.0,1.0,,fillet_fits_wall,69.5,46.9,76.4,3.9,0.0,8.9,20.1,,,,,,,shell,geometry+score,490.61171180143316,max(score);min(volume_mm3);max(cavity_volume_mm3),105,1312
shell_207,2.0,28.0,90.0,1864,7,0,0,True,,,28d/90%RH,True,,,,6.2,,True,0.0,591679.6846113014,601008.0,159992.90246901655,232228.0,0.3863975188350238,9.797958971132712,5.693932296028252,2.846966148014126,4.47213595499958,4.898979485566356,1761864.0,2.0,peterson_shoulder,0.9673550000000002,6.2,True,,8.0,8.0,8.94427190999916,11854.0,1.79,8.4,8.0,4.0,0.18322386277808514,0.16143736945186724,0.2243916447523037,0.18567020872264808,0.9975273768433653,1.0,0.18367802932676353,1.0,castability,aggregate bridging / starved mould feature (defective casting),20.999999999999996,98.5484712562236,20.999999999999996,drainage,0.23328473740792174,1.0,8.0,250.0,True,12.0,0.0,0.0,,,76.6,76.2,93.2,2.7,0.2,8.4,26.3,,,,,,,shell,geometry+score,591.6796846113014,max(score);min(volume_mm3);max(cavity_volume_mm3),105,1312
shell_207,2.0,21.0,85.0,1865,7,0,0,True,,,21d/85%RH,True,,,,6.2,,True,0.0,591679.6846113014,601008.0,159992.90246901655,232228.0,0.3863975188350238,9.797958971132712,5.693932296028252,2.846966148014126,4.47213595499958,4.898979485566356,1761864.0,2.0,peterson_shoulder,0.9673550000000002,6.2,True,,8.0,8.0,8.94427190999916,11854.0,1.79,8.4,8.0,4.0,0.18322386277808514,0.16143736945186724,0.2243916447523037,0.18567020872264808,0.9975273768433653,1.0,0.18367802932676353,1.0,castability,aggregate bridging / starved mould feature (defective casting),23.625,98.5484712562236,23.625,drainage,0.20736421102926372,1.0,8.0,250.0,True,12.0,0.0,0.0,,,76.6,76.2,93.2,2.7,0.2,8.4,26.3,,,,,,,shell,geometry+score,591.6796846113014,max(score);min(volume_mm3);max(cavity_volume_mm3),105,1312
shell_210,2.0,28.0,90.0,1891,7,0,0,True,,,28d/90%RH,True,,,,8.9,,True,0.0,291815.9103332217,299680.0,93090.51145664716,122956.0,0.4102909770421783,11.313708498984761,5.385249201001693,2.6926246005008463,4.47213595499958,5.656854249492381,805240.0,2.0,peterson_shoulder,1.3886225000000003,8.9,True,,8.0,5.656854249492381,8.0,7960.0,1.79,9.3,8.0,4.0,0.18322386277808514,0.16143736945186724,0.2243916447523037,0.18567020872264808,0.9975273768433653,1.0,0.18367802932676353,1.0,castability,aggregate bridging / starved mould feature (defective casting),20.999999999999996,98.5484712562236,20.999999999999996,drainage,0.26937401188058957,1.0,8.0,250.0,True,12.0,0.0,0.0,,,45.9,41.8,132.2,3.3,0.3,9.3,28.9,,,,,,,shell,geometry+score,291.8159103332217,max(score);min(volume_mm3);max(cavity_volume_mm3),105,1312
shell_210,2.0,21.0,85.0,1892,7,0,0,True,,,21d/85%RH,True,,,,8.9,,True,0.0,291815.9103332217,299680.0,93090.51145664716,122956.0,0.4102909770421783,11.313708498984761,5.385249201001693,2.6926246005008463,4.47213595499958,5.656854249492381,805240.0,2.0,peterson_shoulder,1.3886225000000003,8.9,True,,8.0,5.656854249492381,8.0,7960.0,1.79,9.3,8.0,4.0,0.18322386277808514,0.16143736945186724,0.2243916447523037,0.18567020872264808,0.9975273768433653,1.0,0.18367802932676353,1.0,castability,aggregate bridging / starved mould feature (defective casting),23.625,98.5484712562236,23.625,drainage,0.23944356611607961,1.0,8.0,250.0,True,12.0,0.0,0.0,,,45.9,41.8,132.2,3.3,0.3,9.3,28.9,,,,,,,shell,geometry+score,291.8159103332217,max(score);min(volume_mm3);max(cavity_volume_mm3),105,1312
shell_233,2.0,28.0,90.0,2098,7,0,1,True,,fillet_fits_wall,28d/90%RH,True,,,,14.7,,True,0.0,556578.75064416,545216.0,130126.54553258956,191804.0,0.35179451813593143,11.313708498984761,5.991615314289567,2.9958076571447836,4.47213595499958,5.656854249492381,1137680.0,2.0,peterson_shoulder,2.2935675000000004,14.7,True,,8.0,8.0,8.94427190999916,7491.0,1.79,9.6,8.0,4.0,0.18322386277808514,0.16143736945186724,0.2243916447523037,0.18567020872264808,0.9975273768433653,1.0,0.18367802932676353,1.0,castability,aggregate bridging / starved mould feature (defective casting),20.999999999999996,98.5484712562236,20.999999999999996,drainage,0.26937401188058957,1.0,8.0,250.0,True,12.0,0.0,1.0,,fillet_fits_wall,60.4,88.4,69.4,2.9,0.2,9.6,8.5,,,,,,,shell,geometry+score,556.57875064416,max(score);min(volume_mm3);max(cavity_volume_mm3),105,1312
shell_233,2.0,21.0,85.0,2099,7,0,1,True,,fillet_fits_wall,21d/85%RH,True,,,,14.7,,True,0.0,556578.75064416,545216.0,130126.54553258956,191804.0,0.35179451813593143,11.313708498984761,5.991615314289567,2.9958076571447836,4.47213595499958,5.656854249492381,1137680.0,2.0,peterson_shoulder,2.2935675000000004,14.7,True,,8.0,8.0,8.94427190999916,7491.0,1.79,9.6,8.0,4.0,0.18322386277808514,0.16143736945186724,0.2243916447523037,0.18567020872264808,0.9975273768433653,1.0,0.18367802932676353,1.0,castability,aggregate bridging / starved mould feature (defective casting),23.625,98.5484712562236,23.625,drainage,0.23944356611607961,1.0,8.0,250.0,True,12.0,0.0,1.0,,fillet_fits_wall,60.4,88.4,69.4,2.9,0.2,9.6,8.5,,,,,,,shell,geometry+score,556.57875064416,max(score);min(volume_mm3);max(cavity_volume_mm3),105,1312
tile_034,2.0,21.0,85.0,4916,11,0,1,True,,relief_fraction,21d/85%RH,False,,,,9.1,,True,2.0,899516.7996681851,896522.6879999998,93525.78691610077,100296.0,0.1118722385305658,24.0,11.86049141992355,5.930245709961775,10.799999999999999,12.0,0.0,1.2,inglis_groove,5.8,5.8,True,,24.0,5.366563145999495,24.0,21907.0,3.0,28.8,24.0,12.0,0.2357026089752381,0.18902865816291595,0.29090581728352743,0.23326903601883142,0.9975273768433653,1.0,1.0,0.2373475409104169,structural,crack initiation at a stress concentration under load,23.625,98.5484712562236,23.625,drainage,0.5079365079365079,1.0,24.0,250.0,True,16.0,0.0,1.0,,relief_fraction,,,,,,,,28.8,5.8,39.8,46.4,3.8,flower,tile,geometry+score,899.5167996681851,max(score);min(volume_mm3),4,1160
tile_034,3.0,21.0,85.0,4919,11,0,1,True,,relief_fraction,21d/85%RH,False,,,,9.1,,True,2.0,899516.7996681851,896522.6879999998,93525.78691610077,100296.0,0.1118722385305658,24.0,11.86049141992355,5.930245709961775,10.799999999999999,12.0,0.0,1.2,inglis_groove,5.8,5.8,True,,24.0,5.366563145999495,24.0,21907.0,3.0,28.8,24.0,8.0,0.2357026089752381,0.18902865816291595,0.29090581728352743,0.23316918675106232,0.9975273768433653,1.0,1.0,0.2373475409104169,structural,crack initiation at a stress concentration under load,23.625,98.5484712562236,23.625,drainage,0.5079365079365079,1.0,24.0,250.0,True,16.0,0.0,1.0,,relief_fraction,,,,,,,,28.8,5.8,39.8,46.4,3.8,flower,tile,geometry+score,899.5167996681851,max(score);min(volume_mm3),4,1160
tile_210,2.0,21.0,85.0,6500,11,0,1,True,,relief_fraction,21d/85%RH,False,,,,11.3,,True,2.0,841136.153423048,840056.8319999999,97679.84741797428,111424.31999999999,0.13263902602246797,26.4,10.913568155536932,5.456784077768466,10.799999999999999,13.2,0.0,1.2,inglis_groove,6.0,6.0,True,,21.599999999999998,3.394112549695428,21.599999999999998,20591.0,3.0,26.5,21.599999999999998,10.799999999999999,0.23548109791598504,0.18564644118861606,0.29090581728352743,0.23394844520065272,0.9975273768433653,1.0,1.0,0.2373475409104169,structural,crack initiation at a stress concentration under load,23.625,98.5484712562236,23.625,drainage,0.5587301587301587,1.0,21.599999999999998,250.0,True,16.0,0.0,1.0,,relief_fraction,,,,,,,,26.5,6.0,29.8,73.5,10.5,flower,tile,geometry+score,841.136153423048,max(score);min(volume_mm3),4,1160
tile_114,2.0,21.0,85.0,5636,11,0,1,True,,relief_fraction,21d/85%RH,False,,,,4.1,,True,2.0,799993.6316957069,798818.1119999998,105485.88543256166,116150.4,0.14540281229877774,23.268863315598377,10.145200221067066,5.072600110533533,9.6,11.634431657799189,0.0,1.2,inglis_groove,6.2,4.1,True,,19.2,3.394112549695428,19.2,29204.0,3.45942686164986,17.0,17.0,8.5,0.14196304613383795,0.1122006273256436,0.18865979586122708,0.14368219914385605,0.9975273768433653,1.0,1.0,0.14317897180811573,structural,crack initiation at a stress concentration under load,23.625,98.5484712562236,23.625,drainage,0.4924627156740397,1.0,17.0,250.0,True,16.0,0.0,1.0,,relief_fraction,,,,,,,,25.2,6.2,17.0,33.3,8.8,flower,tile,geometry+score,799.9936316957069,max(score);min(volume_mm3),4,1160
